Workbook
Name alpha: Settings!$B$14
Name danger_lbl: Settings!$C$29:$C$31
Name danger_lo: Settings!$B$29:$B$31
Name dc_danger: Dash_Calc!$B$4
Name dc_expo: Dash_Calc!$B$6
Name dc_pred: Dash_Calc!$B$5
Name dc_size: Dash_Calc!$B$7
Name g_danger: Clean_2_Features!$I$2:$I$63
Name g_size: Clean_2_Features!$H$2:$H$63
Name g_sleep: Clean_2_Features!$G$2:$G$63
Name grand_mean: Group_Analysis!$B$5
Name grp_n: Group_Analysis!$B$4
Name kf_delta: Dash_Calc!$B$12
Name kf_gest: Dash_Calc!$B$14
Name kf_life: Dash_Calc!$B$15
Name kf_n: Dash_Calc!$B$10
Name kf_short: Dash_Calc!$B$13
Name kf_sleep: Dash_Calc!$B$11
Name l_body: Clean_2_Features!$B$2:$B$63
Name l_brain: Clean_2_Features!$C$2:$C$63
Name l_gest: Clean_2_Features!$E$2:$E$63
Name l_life: Clean_2_Features!$D$2:$D$63
Name lim_brain_max: Settings!$B$8
Name lim_gest_max: Settings!$B$10
Name lim_idx_max: Settings!$B$12
Name lim_idx_min: Settings!$B$11
Name lim_life_max: Settings!$B$9
Name lim_sleep_max: Settings!$B$13
Name lim_w_max: Settings!$B$7
Name lim_w_min: Settings!$B$6
Name list_danger: Settings!$F$5:$F$10
Name list_expo: Settings!$H$5:$H$10
Name list_pred: Settings!$G$5:$G$10
Name list_size: Settings!$I$5:$I$9
Name m_adjr2: Regression!$B$10
Name m_coef: Regression!$B$23:$E$23
Name m_df: Regression!$B$8
Name m_F: Regression!$B$7
Name m_intercept: Regression!$B$24
Name m_n: Regression!$B$9
Name m_pF: Regression!$B$11
Name m_r2: Regression!$B$5
Name m_sdy: Regression!$B$12
Name m_se: Regression!$B$6
Name md_pred: Model_Data!$H$2:$H$52
Name md_res: Model_Data!$I$2:$I$52
Name md_X: Model_Data!$D$2:$G$52
Name md_y: Model_Data!$C$2:$C$52
Name p_d: Sleep_Predictor!$B$8
Name p_g: Sleep_Predictor!$B$7
Name p_l: Sleep_Predictor!$B$6
Name p_w: Sleep_Predictor!$B$5
Name raw_body_weight: Raw_Data!$A$2:$A$63
Name raw_brain_weight: Raw_Data!$B$2:$B$63
Name raw_danger_index: Raw_Data!$G$2:$G$63
Name raw_gestation_time: Raw_Data!$D$2:$D$63
Name raw_max_life_span: Raw_Data!$C$2:$C$63
Name raw_predation_index: Raw_Data!$E$2:$E$63
Name raw_sleep_exposure_index: Raw_Data!$F$2:$F$63
Name raw_total_sleep: Raw_Data!$H$2:$H$63

Sheet Raw_Data
A1: body_weight | B1: brain_weight | C1: max_life_span | D1: gestation_time | E1: predation_index | F1: sleep_exposure_index | G1: danger_index | H1: total_sleep
A2: 6654 | B2: 5712 | C2: 38.6 | D2: 645 | E2: 3 | F2: 5 | G2: 3 | H2: 3.3
A3: 1 | B3: 6.6 | C3: 4.5 | D3: 42 | E3: 3 | F3: 1 | G3: 3 | H3: 8.3
A4: 3.385 | B4: 44.5 | C4: 14 | D4: 60 | E4: 1 | F4: 1 | G4: 1 | H4: 12.5
A5: 0.92 | B5: 5.7 | C5: ? | D5: 25 | E5: 5 | F5: 2 | G5: 3 | H5: 16.5
A6: 2547 | B6: 4603 | C6: 69 | D6: 624 | E6: 3 | F6: 5 | G6: 4 | H6: 3.9
A7: 10.55 | B7: 179.5 | C7: 27 | D7: 180 | E7: 4 | F7: 4 | G7: 4 | H7: 9.8
A8: 0.023 | B8: 0.3 | C8: 19 | D8: 35 | E8: 1 | F8: 1 | G8: 1 | H8: 19.7
A9: 160 | B9: 169 | C9: 30.4 | D9: 392 | E9: 4 | F9: 5 | G9: 4 | H9: 6.2
A10: 3.3 | B10: 25.6 | C10: 28 | D10: 63 | E10: 1 | F10: 2 | G10: 1 | H10: 14.5
A11: 52.16 | B11: 440 | C11: 50 | D11: 230 | E11: 1 | F11: 1 | G11: 1 | H11: 9.7
A12: 0.425 | B12: 6.4 | C12: 7 | D12: 112 | E12: 5 | F12: 4 | G12: 4 | H12: 12.5
A13: 465 | B13: 423 | C13: 30 | D13: 281 | E13: 5 | F13: 5 | G13: 5 | H13: 3.9
A14: 0.55 | B14: 2.4 | C14: ? | D14: ? | E14: 2 | F14: 1 | G14: 2 | H14: 10.3
A15: 187.1 | B15: 419 | C15: 40 | D15: 365 | E15: 5 | F15: 5 | G15: 5 | H15: 3.1
A16: 0.075 | B16: 1.2 | C16: 3.5 | D16: 42 | E16: 1 | F16: 1 | G16: 1 | H16: 8.4
A17: 3 | B17: 25 | C17: 50 | D17: 28 | E17: 2 | F17: 2 | G17: 2 | H17: 8.6
A18: 0.785 | B18: 3.5 | C18: 6 | D18: 42 | E18: 2 | F18: 2 | G18: 2 | H18: 10.7
A19: 0.2 | B19: 5 | C19: 10.4 | D19: 120 | E19: 2 | F19: 2 | G19: 2 | H19: 10.7
A20: 1.41 | B20: 17.5 | C20: 34 | D20: ? | E20: 1 | F20: 2 | G20: 1 | H20: 6.1
A21: 60 | B21: 81 | C21: 7 | D21: ? | E21: 1 | F21: 1 | G21: 1 | H21: 18.1
A22: 529 | B22: 680 | C22: 28 | D22: 400 | E22: 5 | F22: 5 | G22: 5 | H22: ?
A23: 27.66 | B23: 115 | C23: 20 | D23: 148 | E23: 5 | F23: 5 | G23: 5 | H23: 3.8
A24: 0.12 | B24: 1 | C24: 3.9 | D24: 16 | E24: 3 | F24: 1 | G24: 2 | H24: 14.4
A25: 207 | B25: 406 | C25: 39.3 | D25: 252 | E25: 1 | F25: 4 | G25: 1 | H25: 12
A26: 85 | B26: 325 | C26: 41 | D26: 310 | E26: 1 | F26: 3 | G26: 1 | H26: 6.2
A27: 36.33 | B27: 119.5 | C27: 16.2 | D27: 63 | E27: 1 | F27: 1 | G27: 1 | H27: 13
A28: 0.101 | B28: 4 | C28: 9 | D28: 28 | E28: 5 | F28: 1 | G28: 3 | H28: 13.8
A29: 1.04 | B29: 5.5 | C29: 7.6 | D29: 68 | E29: 5 | F29: 3 | G29: 4 | H29: 8.2
A30: 521 | B30: 655 | C30: 46 | D30: 336 | E30: 5 | F30: 5 | G30: 5 | H30: 2.9
A31: 100 | B31: 157 | C31: 22.4 | D31: 100 | E31: 1 | F31: 1 | G31: 1 | H31: 10.8
A32: 35 | B32: 56 | C32: 16.3 | D32: 33 | E32: 3 | F32: 5 | G32: 4 | H32: ?
A33: 0.005 | B33: 0.14 | C33: 2.6 | D33: 21.5 | E33: 5 | F33: 2 | G33: 4 | H33: 9.1
A34: 0.01 | B34: 0.25 | C34: 24 | D34: 50 | E34: 1 | F34: 1 | G34: 1 | H34: 19.9
A35: 62 | B35: 1320 | C35: 100 | D35: 267 | E35: 1 | F35: 1 | G35: 1 | H35: 8
A36: 0.122 | B36: 3 | C36: ? | D36: 30 | E36: 2 | F36: 1 | G36: 1 | H36: 10.6
A37: 1.35 | B37: 8.1 | C37: ? | D37: 45 | E37: 3 | F37: 1 | G37: 3 | H37: 11.2
A38: 0.023 | B38: 0.4 | C38: 3.2 | D38: 19 | E38: 4 | F38: 1 | G38: 3 | H38: 13.2
A39: 0.048 | B39: 0.33 | C39: 2 | D39: 30 | E39: 4 | F39: 1 | G39: 3 | H39: 12.8
A40: 1.7 | B40: 6.3 | C40: 5 | D40: 12 | E40: 2 | F40: 1 | G40: 1 | H40: 19.4
A41: 3.5 | B41: 10.8 | C41: 6.5 | D41: 120 | E41: 2 | F41: 1 | G41: 1 | H41: 17.4
A42: 250 | B42: 490 | C42: 23.6 | D42: 440 | E42: 5 | F42: 5 | G42: 5 | H42: ?
A43: 0.48 | B43: 15.5 | C43: 12 | D43: 140 | E43: 2 | F43: 2 | G43: 2 | H43: 17
A44: 10 | B44: 115 | C44: 20.2 | D44: 170 | E44: 4 | F44: 4 | G44: 4 | H44: 10.9
A45: 1.62 | B45: 11.4 | C45: 13 | D45: 17 | E45: 2 | F45: 1 | G45: 2 | H45: 13.7
A46: 192 | B46: 180 | C46: 27 | D46: 115 | E46: 4 | F46: 4 | G46: 4 | H46: 8.4
A47: 2.5 | B47: 12.1 | C47: 18 | D47: 31 | E47: 5 | F47: 5 | G47: 5 | H47: 8.4
A48: 4.288 | B48: 39.2 | C48: 13.7 | D48: 63 | E48: 2 | F48: 2 | G48: 2 | H48: 12.5
A49: 0.28 | B49: 1.9 | C49: 4.7 | D49: 21 | E49: 3 | F49: 1 | G49: 3 | H49: 13.2
A50: 4.235 | B50: 50.4 | C50: 9.8 | D50: 52 | E50: 1 | F50: 1 | G50: 1 | H50: 9.8
A51: 6.8 | B51: 179 | C51: 29 | D51: 164 | E51: 2 | F51: 3 | G51: 2 | H51: 9.6
A52: 0.75 | B52: 12.3 | C52: 7 | D52: 225 | E52: 2 | F52: 2 | G52: 2 | H52: 6.6
A53: 3.6 | B53: 21 | C53: 6 | D53: 225 | E53: 3 | F53: 2 | G53: 3 | H53: 5.4
A54: 14.83 | B54: 98.2 | C54: 17 | D54: 150 | E54: 5 | F54: 5 | G54: 5 | H54: 2.6
... A56: 1.4 | B56: 12.5 | C56: 12.7 | D56: 90 | E56: 2 | F56: 2 | G56: 2 | H56: 11
A57: 0.06 | B57: 1 | C57: 3.5 | D57: ? | E57: 3 | F57: 1 | G57: 2 | H57: 10.3
A58: 0.9 | B58: 2.6 | C58: 4.5 | D58: 60 | E58: 2 | F58: 1 | G58: 2 | H58: 13.3
A59: 2 | B59: 12.3 | C59: 7.5 | D59: 200 | E59: 3 | F59: 1 | G59: 3 | H59: 5.4
A60: 0.104 | B60: 2.5 | C60: 2.3 | D60: 46 | E60: 3 | F60: 2 | G60: 2 | H60: 15.8
A61: 4.19 | B61: 58 | C61: 24 | D61: 210 | E61: 4 | F61: 3 | G61: 4 | H61: 10.3
A62: 3.5 | B62: 3.9 | C62: 3 | D62: 14 | E62: 2 | F62: 1 | G62: 1 | H62: 19.4
A63: 4.05 | B63: 17 | C63: 13 | D63: 38 | E63: 3 | F63: 1 | G63: 1 | H63: ?

Sheet Clean_1_Numeric
A1: record_id | B1: body_weight | C1: brain_weight | D1: max_life_span | E1: gestation_time | F1: predation_index | G1: sleep_exposure_index | H1: danger_index | I1: total_sleep | J1: missing_count | K1: placeholders_found | L1: other_non_numeric | M1: has_sleep | N1: complete_case | O1: range_ok | P1: include_row
A2: =ROW()-1 -> 1 | B2: =IF(ISNUMBER(Raw_Data!A2),Raw_Data!A2,"") -> 6654 | C2: =IF(ISNUMBER(Raw_Data!B2),Raw_Data!B2,"") -> 5712 | D2: =IF(ISNUMBER(Raw_Data!C2),Raw_Data!C2,"") -> 38.6 | E2: =IF(ISNUMBER(Raw_Data!D2),Raw_Data!D2,"") -> 645 | F2: =IF(ISNUMBER(Raw_Data!E2),Raw_Data!E2,"") -> 3 | G2: =IF(ISNUMBER(Raw_Data!F2),Raw_Data!F2,"") -> 5 | H2: =IF(ISNUMBER(Raw_Data!G2),Raw_Data!G2,"") -> 3 | I2: =IF(ISNUMBER(Raw_Data!H2),Raw_Data!H2,"") -> 3.3 | J2: =COUNTBLANK(B2:I2) -> 0 | K2: =COUNTIF(Raw_Data!A2:H2,"~?") -> 0 | L2: =J2-K2 -> 0 | M2: =IF(ISNUMBER(I2),1,0) -> 1 | N2: =IF(AND(J2=0,O2=1),1,0) -> 1 | O2: =IF(AND(OR(B2="",AND(B2>=lim_w_min,B2<=lim_w_max)),OR(C2="",AND(C2>=lim_w_min,C2<=lim_brain_max)),OR(D2="",AND(D2>0,D2<=lim_life_max)),OR(E2="",AND(E2>0,E2<=lim_gest_max)),MIN(F2:H2)>=lim_idx_min,MAX(F2:H2)<=lim_idx_max,OR(I2="",AND(I2>0,I2<=lim_sleep_max))),1,0) -> 1 | P2: =M2*O2 -> 1
A3: =ROW()-1 -> 2 | B3: =IF(ISNUMBER(Raw_Data!A3),Raw_Data!A3,"") -> 1 | C3: =IF(ISNUMBER(Raw_Data!B3),Raw_Data!B3,"") -> 6.6 | D3: =IF(ISNUMBER(Raw_Data!C3),Raw_Data!C3,"") -> 4.5 | E3: =IF(ISNUMBER(Raw_Data!D3),Raw_Data!D3,"") -> 42 | F3: =IF(ISNUMBER(Raw_Data!E3),Raw_Data!E3,"") -> 3 | G3: =IF(ISNUMBER(Raw_Data!F3),Raw_Data!F3,"") -> 1 | H3: =IF(ISNUMBER(Raw_Data!G3),Raw_Data!G3,"") -> 3 | I3: =IF(ISNUMBER(Raw_Data!H3),Raw_Data!H3,"") -> 8.3 | J3: =COUNTBLANK(B3:I3) -> 0 | K3: =COUNTIF(Raw_Data!A3:H3,"~?") -> 0 | L3: =J3-K3 -> 0 | M3: =IF(ISNUMBER(I3),1,0) -> 1 | N3: =IF(AND(J3=0,O3=1),1,0) -> 1 | O3: =IF(AND(OR(B3="",AND(B3>=lim_w_min,B3<=lim_w_max)),OR(C3="",AND(C3>=lim_w_min,C3<=lim_brain_max)),OR(D3="",AND(D3>0,D3<=lim_life_max)),OR(E3="",AND(E3>0,E3<=lim_gest_max)),MIN(F3:H3)>=lim_idx_min,MAX(F3:H3)<=lim_idx_max,OR(I3="",AND(I3>0,I3<=lim_sleep_max))),1,0) -> 1 | P3: =M3*O3 -> 1
A4: =ROW()-1 -> 3 | B4: =IF(ISNUMBER(Raw_Data!A4),Raw_Data!A4,"") -> 3.385 | C4: =IF(ISNUMBER(Raw_Data!B4),Raw_Data!B4,"") -> 44.5 | D4: =IF(ISNUMBER(Raw_Data!C4),Raw_Data!C4,"") -> 14 | E4: =IF(ISNUMBER(Raw_Data!D4),Raw_Data!D4,"") -> 60 | F4: =IF(ISNUMBER(Raw_Data!E4),Raw_Data!E4,"") -> 1 | G4: =IF(ISNUMBER(Raw_Data!F4),Raw_Data!F4,"") -> 1 | H4: =IF(ISNUMBER(Raw_Data!G4),Raw_Data!G4,"") -> 1 | I4: =IF(ISNUMBER(Raw_Data!H4),Raw_Data!H4,"") -> 12.5 | J4: =COUNTBLANK(B4:I4) -> 0 | K4: =COUNTIF(Raw_Data!A4:H4,"~?") -> 0 | L4: =J4-K4 -> 0 | M4: =IF(ISNUMBER(I4),1,0) -> 1 | N4: =IF(AND(J4=0,O4=1),1,0) -> 1 | O4: =IF(AND(OR(B4="",AND(B4>=lim_w_min,B4<=lim_w_max)),OR(C4="",AND(C4>=lim_w_min,C4<=lim_brain_max)),OR(D4="",AND(D4>0,D4<=lim_life_max)),OR(E4="",AND(E4>0,E4<=lim_gest_max)),MIN(F4:H4)>=lim_idx_min,MAX(F4:H4)<=lim_idx_max,OR(I4="",AND(I4>0,I4<=lim_sleep_max))),1,0) -> 1 | P4: =M4*O4 -> 1
A5: =ROW()-1 -> 4 | B5: =IF(ISNUMBER(Raw_Data!A5),Raw_Data!A5,"") -> 0.92 | C5: =IF(ISNUMBER(Raw_Data!B5),Raw_Data!B5,"") -> 5.7 | D5: =IF(ISNUMBER(Raw_Data!C5),Raw_Data!C5,"") | E5: =IF(ISNUMBER(Raw_Data!D5),Raw_Data!D5,"") -> 25 | F5: =IF(ISNUMBER(Raw_Data!E5),Raw_Data!E5,"") -> 5 | G5: =IF(ISNUMBER(Raw_Data!F5),Raw_Data!F5,"") -> 2 | H5: =IF(ISNUMBER(Raw_Data!G5),Raw_Data!G5,"") -> 3 | I5: =IF(ISNUMBER(Raw_Data!H5),Raw_Data!H5,"") -> 16.5 | J5: =COUNTBLANK(B5:I5) -> 1 | K5: =COUNTIF(Raw_Data!A5:H5,"~?") -> 1 | L5: =J5-K5 -> 0 | M5: =IF(ISNUMBER(I5),1,0) -> 1 | N5: =IF(AND(J5=0,O5=1),1,0) -> 0 | O5: =IF(AND(OR(B5="",AND(B5>=lim_w_min,B5<=lim_w_max)),OR(C5="",AND(C5>=lim_w_min,C5<=lim_brain_max)),OR(D5="",AND(D5>0,D5<=lim_life_max)),OR(E5="",AND(E5>0,E5<=lim_gest_max)),MIN(F5:H5)>=lim_idx_min,MAX(F5:H5)<=lim_idx_max,OR(I5="",AND(I5>0,I5<=lim_sleep_max))),1,0) -> 1 | P5: =M5*O5 -> 1
A6: =ROW()-1 -> 5 | B6: =IF(ISNUMBER(Raw_Data!A6),Raw_Data!A6,"") -> 2547 | C6: =IF(ISNUMBER(Raw_Data!B6),Raw_Data!B6,"") -> 4603 | D6: =IF(ISNUMBER(Raw_Data!C6),Raw_Data!C6,"") -> 69 | E6: =IF(ISNUMBER(Raw_Data!D6),Raw_Data!D6,"") -> 624 | F6: =IF(ISNUMBER(Raw_Data!E6),Raw_Data!E6,"") -> 3 | G6: =IF(ISNUMBER(Raw_Data!F6),Raw_Data!F6,"") -> 5 | H6: =IF(ISNUMBER(Raw_Data!G6),Raw_Data!G6,"") -> 4 | I6: =IF(ISNUMBER(Raw_Data!H6),Raw_Data!H6,"") -> 3.9 | J6: =COUNTBLANK(B6:I6) -> 0 | K6: =COUNTIF(Raw_Data!A6:H6,"~?") -> 0 | L6: =J6-K6 -> 0 | M6: =IF(ISNUMBER(I6),1,0) -> 1 | N6: =IF(AND(J6=0,O6=1),1,0) -> 1 | O6: =IF(AND(OR(B6="",AND(B6>=lim_w_min,B6<=lim_w_max)),OR(C6="",AND(C6>=lim_w_min,C6<=lim_brain_max)),OR(D6="",AND(D6>0,D6<=lim_life_max)),OR(E6="",AND(E6>0,E6<=lim_gest_max)),MIN(F6:H6)>=lim_idx_min,MAX(F6:H6)<=lim_idx_max,OR(I6="",AND(I6>0,I6<=lim_sleep_max))),1,0) -> 1 | P6: =M6*O6 -> 1
A7: =ROW()-1 -> 6 | B7: =IF(ISNUMBER(Raw_Data!A7),Raw_Data!A7,"") -> 10.55 | C7: =IF(ISNUMBER(Raw_Data!B7),Raw_Data!B7,"") -> 179.5 | D7: =IF(ISNUMBER(Raw_Data!C7),Raw_Data!C7,"") -> 27 | E7: =IF(ISNUMBER(Raw_Data!D7),Raw_Data!D7,"") -> 180 | F7: =IF(ISNUMBER(Raw_Data!E7),Raw_Data!E7,"") -> 4 | G7: =IF(ISNUMBER(Raw_Data!F7),Raw_Data!F7,"") -> 4 | H7: =IF(ISNUMBER(Raw_Data!G7),Raw_Data!G7,"") -> 4 | I7: =IF(ISNUMBER(Raw_Data!H7),Raw_Data!H7,"") -> 9.8 | J7: =COUNTBLANK(B7:I7) -> 0 | K7: =COUNTIF(Raw_Data!A7:H7,"~?") -> 0 | L7: =J7-K7 -> 0 | M7: =IF(ISNUMBER(I7),1,0) -> 1 | N7: =IF(AND(J7=0,O7=1),1,0) -> 1 | O7: =IF(AND(OR(B7="",AND(B7>=lim_w_min,B7<=lim_w_max)),OR(C7="",AND(C7>=lim_w_min,C7<=lim_brain_max)),OR(D7="",AND(D7>0,D7<=lim_life_max)),OR(E7="",AND(E7>0,E7<=lim_gest_max)),MIN(F7:H7)>=lim_idx_min,MAX(F7:H7)<=lim_idx_max,OR(I7="",AND(I7>0,I7<=lim_sleep_max))),1,0) -> 1 | P7: =M7*O7 -> 1
A8: =ROW()-1 -> 7 | B8: =IF(ISNUMBER(Raw_Data!A8),Raw_Data!A8,"") -> 0.023 | C8: =IF(ISNUMBER(Raw_Data!B8),Raw_Data!B8,"") -> 0.3 | D8: =IF(ISNUMBER(Raw_Data!C8),Raw_Data!C8,"") -> 19 | E8: =IF(ISNUMBER(Raw_Data!D8),Raw_Data!D8,"") -> 35 | F8: =IF(ISNUMBER(Raw_Data!E8),Raw_Data!E8,"") -> 1 | G8: =IF(ISNUMBER(Raw_Data!F8),Raw_Data!F8,"") -> 1 | H8: =IF(ISNUMBER(Raw_Data!G8),Raw_Data!G8,"") -> 1 | I8: =IF(ISNUMBER(Raw_Data!H8),Raw_Data!H8,"") -> 19.7 | J8: =COUNTBLANK(B8:I8) -> 0 | K8: =COUNTIF(Raw_Data!A8:H8,"~?") -> 0 | L8: =J8-K8 -> 0 | M8: =IF(ISNUMBER(I8),1,0) -> 1 | N8: =IF(AND(J8=0,O8=1),1,0) -> 1 | O8: =IF(AND(OR(B8="",AND(B8>=lim_w_min,B8<=lim_w_max)),OR(C8="",AND(C8>=lim_w_min,C8<=lim_brain_max)),OR(D8="",AND(D8>0,D8<=lim_life_max)),OR(E8="",AND(E8>0,E8<=lim_gest_max)),MIN(F8:H8)>=lim_idx_min,MAX(F8:H8)<=lim_idx_max,OR(I8="",AND(I8>0,I8<=lim_sleep_max))),1,0) -> 1 | P8: =M8*O8 -> 1
A9: =ROW()-1 -> 8 | B9: =IF(ISNUMBER(Raw_Data!A9),Raw_Data!A9,"") -> 160 | C9: =IF(ISNUMBER(Raw_Data!B9),Raw_Data!B9,"") -> 169 | D9: =IF(ISNUMBER(Raw_Data!C9),Raw_Data!C9,"") -> 30.4 | E9: =IF(ISNUMBER(Raw_Data!D9),Raw_Data!D9,"") -> 392 | F9: =IF(ISNUMBER(Raw_Data!E9),Raw_Data!E9,"") -> 4 | G9: =IF(ISNUMBER(Raw_Data!F9),Raw_Data!F9,"") -> 5 | H9: =IF(ISNUMBER(Raw_Data!G9),Raw_Data!G9,"") -> 4 | I9: =IF(ISNUMBER(Raw_Data!H9),Raw_Data!H9,"") -> 6.2 | J9: =COUNTBLANK(B9:I9) -> 0 | K9: =COUNTIF(Raw_Data!A9:H9,"~?") -> 0 | L9: =J9-K9 -> 0 | M9: =IF(ISNUMBER(I9),1,0) -> 1 | N9: =IF(AND(J9=0,O9=1),1,0) -> 1 | O9: =IF(AND(OR(B9="",AND(B9>=lim_w_min,B9<=lim_w_max)),OR(C9="",AND(C9>=lim_w_min,C9<=lim_brain_max)),OR(D9="",AND(D9>0,D9<=lim_life_max)),OR(E9="",AND(E9>0,E9<=lim_gest_max)),MIN(F9:H9)>=lim_idx_min,MAX(F9:H9)<=lim_idx_max,OR(I9="",AND(I9>0,I9<=lim_sleep_max))),1,0) -> 1 | P9: =M9*O9 -> 1
A10: =ROW()-1 -> 9 | B10: =IF(ISNUMBER(Raw_Data!A10),Raw_Data!A10,"") -> 3.3 | C10: =IF(ISNUMBER(Raw_Data!B10),Raw_Data!B10,"") -> 25.6 | D10: =IF(ISNUMBER(Raw_Data!C10),Raw_Data!C10,"") -> 28 | E10: =IF(ISNUMBER(Raw_Data!D10),Raw_Data!D10,"") -> 63 | F10: =IF(ISNUMBER(Raw_Data!E10),Raw_Data!E10,"") -> 1 | G10: =IF(ISNUMBER(Raw_Data!F10),Raw_Data!F10,"") -> 2 | H10: =IF(ISNUMBER(Raw_Data!G10),Raw_Data!G10,"") -> 1 | I10: =IF(ISNUMBER(Raw_Data!H10),Raw_Data!H10,"") -> 14.5 | J10: =COUNTBLANK(B10:I10) -> 0 | K10: =COUNTIF(Raw_Data!A10:H10,"~?") -> 0 | L10: =J10-K10 -> 0 | M10: =IF(ISNUMBER(I10),1,0) -> 1 | N10: =IF(AND(J10=0,O10=1),1,0) -> 1 | O10: =IF(AND(OR(B10="",AND(B10>=lim_w_min,B10<=lim_w_max)),OR(C10="",AND(C10>=lim_w_min,C10<=lim_brain_max)),OR(D10="",AND(D10>0,D10<=lim_life_max)),OR(E10="",AND(E10>0,E10<=lim_gest_max)),MIN(F10:H10)>=lim_idx_min,MAX(F10:H10)<=lim_idx_max,OR(I10="",AND(I10>0,I10<=lim_sleep_max))),1,0) -> 1 | P10: =M10*O10 -> 1
A11: =ROW()-1 -> 10 | B11: =IF(ISNUMBER(Raw_Data!A11),Raw_Data!A11,"") -> 52.16 | C11: =IF(ISNUMBER(Raw_Data!B11),Raw_Data!B11,"") -> 440 | D11: =IF(ISNUMBER(Raw_Data!C11),Raw_Data!C11,"") -> 50 | E11: =IF(ISNUMBER(Raw_Data!D11),Raw_Data!D11,"") -> 230 | F11: =IF(ISNUMBER(Raw_Data!E11),Raw_Data!E11,"") -> 1 | G11: =IF(ISNUMBER(Raw_Data!F11),Raw_Data!F11,"") -> 1 | H11: =IF(ISNUMBER(Raw_Data!G11),Raw_Data!G11,"") -> 1 | I11: =IF(ISNUMBER(Raw_Data!H11),Raw_Data!H11,"") -> 9.7 | J11: =COUNTBLANK(B11:I11) -> 0 | K11: =COUNTIF(Raw_Data!A11:H11,"~?") -> 0 | L11: =J11-K11 -> 0 | M11: =IF(ISNUMBER(I11),1,0) -> 1 | N11: =IF(AND(J11=0,O11=1),1,0) -> 1 | O11: =IF(AND(OR(B11="",AND(B11>=lim_w_min,B11<=lim_w_max)),OR(C11="",AND(C11>=lim_w_min,C11<=lim_brain_max)),OR(D11="",AND(D11>0,D11<=lim_life_max)),OR(E11="",AND(E11>0,E11<=lim_gest_max)),MIN(F11:H11)>=lim_idx_min,MAX(F11:H11)<=lim_idx_max,OR(I11="",AND(I11>0,I11<=lim_sleep_max))),1,0) -> 1 | P11: =M11*O11 -> 1
A12: =ROW()-1 -> 11 | B12: =IF(ISNUMBER(Raw_Data!A12),Raw_Data!A12,"") -> 0.425 | C12: =IF(ISNUMBER(Raw_Data!B12),Raw_Data!B12,"") -> 6.4 | D12: =IF(ISNUMBER(Raw_Data!C12),Raw_Data!C12,"") -> 7 | E12: =IF(ISNUMBER(Raw_Data!D12),Raw_Data!D12,"") -> 112 | F12: =IF(ISNUMBER(Raw_Data!E12),Raw_Data!E12,"") -> 5 | G12: =IF(ISNUMBER(Raw_Data!F12),Raw_Data!F12,"") -> 4 | H12: =IF(ISNUMBER(Raw_Data!G12),Raw_Data!G12,"") -> 4 | I12: =IF(ISNUMBER(Raw_Data!H12),Raw_Data!H12,"") -> 12.5 | J12: =COUNTBLANK(B12:I12) -> 0 | K12: =COUNTIF(Raw_Data!A12:H12,"~?") -> 0 | L12: =J12-K12 -> 0 | M12: =IF(ISNUMBER(I12),1,0) -> 1 | N12: =IF(AND(J12=0,O12=1),1,0) -> 1 | O12: =IF(AND(OR(B12="",AND(B12>=lim_w_min,B12<=lim_w_max)),OR(C12="",AND(C12>=lim_w_min,C12<=lim_brain_max)),OR(D12="",AND(D12>0,D12<=lim_life_max)),OR(E12="",AND(E12>0,E12<=lim_gest_max)),MIN(F12:H12)>=lim_idx_min,MAX(F12:H12)<=lim_idx_max,OR(I12="",AND(I12>0,I12<=lim_sleep_max))),1,0) -> 1 | P12: =M12*O12 -> 1
A13: =ROW()-1 -> 12 | B13: =IF(ISNUMBER(Raw_Data!A13),Raw_Data!A13,"") -> 465 | C13: =IF(ISNUMBER(Raw_Data!B13),Raw_Data!B13,"") -> 423 | D13: =IF(ISNUMBER(Raw_Data!C13),Raw_Data!C13,"") -> 30 | E13: =IF(ISNUMBER(Raw_Data!D13),Raw_Data!D13,"") -> 281 | F13: =IF(ISNUMBER(Raw_Data!E13),Raw_Data!E13,"") -> 5 | G13: =IF(ISNUMBER(Raw_Data!F13),Raw_Data!F13,"") -> 5 | H13: =IF(ISNUMBER(Raw_Data!G13),Raw_Data!G13,"") -> 5 | I13: =IF(ISNUMBER(Raw_Data!H13),Raw_Data!H13,"") -> 3.9 | J13: =COUNTBLANK(B13:I13) -> 0 | K13: =COUNTIF(Raw_Data!A13:H13,"~?") -> 0 | L13: =J13-K13 -> 0 | M13: =IF(ISNUMBER(I13),1,0) -> 1 | N13: =IF(AND(J13=0,O13=1),1,0) -> 1 | O13: =IF(AND(OR(B13="",AND(B13>=lim_w_min,B13<=lim_w_max)),OR(C13="",AND(C13>=lim_w_min,C13<=lim_brain_max)),OR(D13="",AND(D13>0,D13<=lim_life_max)),OR(E13="",AND(E13>0,E13<=lim_gest_max)),MIN(F13:H13)>=lim_idx_min,MAX(F13:H13)<=lim_idx_max,OR(I13="",AND(I13>0,I13<=lim_sleep_max))),1,0) -> 1 | P13: =M13*O13 -> 1
... A63: =ROW()-1 -> 62 | B63: =IF(ISNUMBER(Raw_Data!A63),Raw_Data!A63,"") -> 4.05 | C63: =IF(ISNUMBER(Raw_Data!B63),Raw_Data!B63,"") -> 17 | D63: =IF(ISNUMBER(Raw_Data!C63),Raw_Data!C63,"") -> 13 | E63: =IF(ISNUMBER(Raw_Data!D63),Raw_Data!D63,"") -> 38 | F63: =IF(ISNUMBER(Raw_Data!E63),Raw_Data!E63,"") -> 3 | G63: =IF(ISNUMBER(Raw_Data!F63),Raw_Data!F63,"") -> 1 | H63: =IF(ISNUMBER(Raw_Data!G63),Raw_Data!G63,"") -> 1 | I63: =IF(ISNUMBER(Raw_Data!H63),Raw_Data!H63,"") | J63: =COUNTBLANK(B63:I63) -> 1 | K63: =COUNTIF(Raw_Data!A63:H63,"~?") -> 1 | L63: =J63-K63 -> 0 | M63: =IF(ISNUMBER(I63),1,0) -> 0 | N63: =IF(AND(J63=0,O63=1),1,0) -> 0 | O63: =IF(AND(OR(B63="",AND(B63>=lim_w_min,B63<=lim_w_max)),OR(C63="",AND(C63>=lim_w_min,C63<=lim_brain_max)),OR(D63="",AND(D63>0,D63<=lim_life_max)),OR(E63="",AND(E63>0,E63<=lim_gest_max)),MIN(F63:H63)>=lim_idx_min,MAX(F63:H63)<=lim_idx_max,OR(I63="",AND(I63>0,I63<=lim_sleep_max))),1,0) -> 1 | P63: =M63*O63 -> 0

Sheet Clean_2_Features
A1: record_id | B1: log10_body_weight | C1: log10_brain_weight | D1: log10_max_life_span | E1: log10_gestation_time | F1: brain_g_per_body_kg | G1: sleep_group | H1: body_size_class | I1: danger_group | J1: sleep_squared | K1: include_row | L1: complete_case | M1: model_seq
A2: =Clean_1_Numeric!A2 -> 1 | B2: =IF(ISNUMBER(Clean_1_Numeric!B2),LOG10(Clean_1_Numeric!B2),"") -> 3.8230828 | C2: =IF(ISNUMBER(Clean_1_Numeric!C2),LOG10(Clean_1_Numeric!C2),"") -> 3.7567882 | D2: =IF(ISNUMBER(Clean_1_Numeric!D2),LOG10(Clean_1_Numeric!D2),"") -> 1.5865873 | E2: =IF(ISNUMBER(Clean_1_Numeric!E2),LOG10(Clean_1_Numeric!E2),"") -> 2.8095597 | F2: =IF(AND(ISNUMBER(Clean_1_Numeric!B2),ISNUMBER(Clean_1_Numeric!C2)),Clean_1_Numeric!C2/Clean_1_Numeric!B2,"") -> 0.85843102 | G2: =IF(ISNUMBER(Clean_1_Numeric!I2),LOOKUP(Clean_1_Numeric!I2,sleep_lo,sleep_lbl),"") -> Short (<8h) | H2: =IF(ISNUMBER(Clean_1_Numeric!B2),LOOKUP(Clean_1_Numeric!B2,size_lo,size_lbl),"") -> Large (100+ kg) | I2: =LOOKUP(Clean_1_Numeric!H2,danger_lo,danger_lbl) -> Moderate (3) | J2: =IF(ISNUMBER(Clean_1_Numeric!I2),Clean_1_Numeric!I2^2,"") -> 10.89 | K2: =Clean_1_Numeric!P2 -> 1 | L2: =Clean_1_Numeric!N2 -> 1 | M2: =IF(L2=1,COUNTIF(L$2:L2,1),"") -> 1
A3: =Clean_1_Numeric!A3 -> 2 | B3: =IF(ISNUMBER(Clean_1_Numeric!B3),LOG10(Clean_1_Numeric!B3),"") -> 0 | C3: =IF(ISNUMBER(Clean_1_Numeric!C3),LOG10(Clean_1_Numeric!C3),"") -> 0.81954394 | D3: =IF(ISNUMBER(Clean_1_Numeric!D3),LOG10(Clean_1_Numeric!D3),"") -> 0.65321251 | E3: =IF(ISNUMBER(Clean_1_Numeric!E3),LOG10(Clean_1_Numeric!E3),"") -> 1.6232493 | F3: =IF(AND(ISNUMBER(Clean_1_Numeric!B3),ISNUMBER(Clean_1_Numeric!C3)),Clean_1_Numeric!C3/Clean_1_Numeric!B3,"") -> 6.6 | G3: =IF(ISNUMBER(Clean_1_Numeric!I3),LOOKUP(Clean_1_Numeric!I3,sleep_lo,sleep_lbl),"") -> Medium (8-12h) | H3: =IF(ISNUMBER(Clean_1_Numeric!B3),LOOKUP(Clean_1_Numeric!B3,size_lo,size_lbl),"") -> Small (1-10 kg) | I3: =LOOKUP(Clean_1_Numeric!H3,danger_lo,danger_lbl) -> Moderate (3) | J3: =IF(ISNUMBER(Clean_1_Numeric!I3),Clean_1_Numeric!I3^2,"") -> 68.89 | K3: =Clean_1_Numeric!P3 -> 1 | L3: =Clean_1_Numeric!N3 -> 1 | M3: =IF(L3=1,COUNTIF(L$2:L3,1),"") -> 2
A4: =Clean_1_Numeric!A4 -> 3 | B4: =IF(ISNUMBER(Clean_1_Numeric!B4),LOG10(Clean_1_Numeric!B4),"") -> 0.52955867 | C4: =IF(ISNUMBER(Clean_1_Numeric!C4),LOG10(Clean_1_Numeric!C4),"") -> 1.64836 | D4: =IF(ISNUMBER(Clean_1_Numeric!D4),LOG10(Clean_1_Numeric!D4),"") -> 1.146128 | E4: =IF(ISNUMBER(Clean_1_Numeric!E4),LOG10(Clean_1_Numeric!E4),"") -> 1.7781513 | F4: =IF(AND(ISNUMBER(Clean_1_Numeric!B4),ISNUMBER(Clean_1_Numeric!C4)),Clean_1_Numeric!C4/Clean_1_Numeric!B4,"") -> 13.146233 | G4: =IF(ISNUMBER(Clean_1_Numeric!I4),LOOKUP(Clean_1_Numeric!I4,sleep_lo,sleep_lbl),"") -> Long (12h+) | H4: =IF(ISNUMBER(Clean_1_Numeric!B4),LOOKUP(Clean_1_Numeric!B4,size_lo,size_lbl),"") -> Small (1-10 kg) | I4: =LOOKUP(Clean_1_Numeric!H4,danger_lo,danger_lbl) -> Low (1-2) | J4: =IF(ISNUMBER(Clean_1_Numeric!I4),Clean_1_Numeric!I4^2,"") -> 156.25 | K4: =Clean_1_Numeric!P4 -> 1 | L4: =Clean_1_Numeric!N4 -> 1 | M4: =IF(L4=1,COUNTIF(L$2:L4,1),"") -> 3
A5: =Clean_1_Numeric!A5 -> 4 | B5: =IF(ISNUMBER(Clean_1_Numeric!B5),LOG10(Clean_1_Numeric!B5),"") -> -0.036212173 | C5: =IF(ISNUMBER(Clean_1_Numeric!C5),LOG10(Clean_1_Numeric!C5),"") -> 0.75587486 | D5: =IF(ISNUMBER(Clean_1_Numeric!D5),LOG10(Clean_1_Numeric!D5),"") | E5: =IF(ISNUMBER(Clean_1_Numeric!E5),LOG10(Clean_1_Numeric!E5),"") -> 1.39794 | F5: =IF(AND(ISNUMBER(Clean_1_Numeric!B5),ISNUMBER(Clean_1_Numeric!C5)),Clean_1_Numeric!C5/Clean_1_Numeric!B5,"") -> 6.1956522 | G5: =IF(ISNUMBER(Clean_1_Numeric!I5),LOOKUP(Clean_1_Numeric!I5,sleep_lo,sleep_lbl),"") -> Long (12h+) | H5: =IF(ISNUMBER(Clean_1_Numeric!B5),LOOKUP(Clean_1_Numeric!B5,size_lo,size_lbl),"") -> Tiny (<1 kg) | I5: =LOOKUP(Clean_1_Numeric!H5,danger_lo,danger_lbl) -> Moderate (3) | J5: =IF(ISNUMBER(Clean_1_Numeric!I5),Clean_1_Numeric!I5^2,"") -> 272.25 | K5: =Clean_1_Numeric!P5 -> 1 | L5: =Clean_1_Numeric!N5 -> 0 | M5: =IF(L5=1,COUNTIF(L$2:L5,1),"")
A6: =Clean_1_Numeric!A6 -> 5 | B6: =IF(ISNUMBER(Clean_1_Numeric!B6),LOG10(Clean_1_Numeric!B6),"") -> 3.4060289 | C6: =IF(ISNUMBER(Clean_1_Numeric!C6),LOG10(Clean_1_Numeric!C6),"") -> 3.663041 | D6: =IF(ISNUMBER(Clean_1_Numeric!D6),LOG10(Clean_1_Numeric!D6),"") -> 1.8388491 | E6: =IF(ISNUMBER(Clean_1_Numeric!E6),LOG10(Clean_1_Numeric!E6),"") -> 2.7951846 | F6: =IF(AND(ISNUMBER(Clean_1_Numeric!B6),ISNUMBER(Clean_1_Numeric!C6)),Clean_1_Numeric!C6/Clean_1_Numeric!B6,"") -> 1.8072242 | G6: =IF(ISNUMBER(Clean_1_Numeric!I6),LOOKUP(Clean_1_Numeric!I6,sleep_lo,sleep_lbl),"") -> Short (<8h) | H6: =IF(ISNUMBER(Clean_1_Numeric!B6),LOOKUP(Clean_1_Numeric!B6,size_lo,size_lbl),"") -> Large (100+ kg) | I6: =LOOKUP(Clean_1_Numeric!H6,danger_lo,danger_lbl) -> High (4-5) | J6: =IF(ISNUMBER(Clean_1_Numeric!I6),Clean_1_Numeric!I6^2,"") -> 15.21 | K6: =Clean_1_Numeric!P6 -> 1 | L6: =Clean_1_Numeric!N6 -> 1 | M6: =IF(L6=1,COUNTIF(L$2:L6,1),"") -> 4
A7: =Clean_1_Numeric!A7 -> 6 | B7: =IF(ISNUMBER(Clean_1_Numeric!B7),LOG10(Clean_1_Numeric!B7),"") -> 1.0232525 | C7: =IF(ISNUMBER(Clean_1_Numeric!C7),LOG10(Clean_1_Numeric!C7),"") -> 2.2540645 | D7: =IF(ISNUMBER(Clean_1_Numeric!D7),LOG10(Clean_1_Numeric!D7),"") -> 1.4313638 | E7: =IF(ISNUMBER(Clean_1_Numeric!E7),LOG10(Clean_1_Numeric!E7),"") -> 2.2552725 | F7: =IF(AND(ISNUMBER(Clean_1_Numeric!B7),ISNUMBER(Clean_1_Numeric!C7)),Clean_1_Numeric!C7/Clean_1_Numeric!B7,"") -> 17.014218 | G7: =IF(ISNUMBER(Clean_1_Numeric!I7),LOOKUP(Clean_1_Numeric!I7,sleep_lo,sleep_lbl),"") -> Medium (8-12h) | H7: =IF(ISNUMBER(Clean_1_Numeric!B7),LOOKUP(Clean_1_Numeric!B7,size_lo,size_lbl),"") -> Medium (10-100 kg) | I7: =LOOKUP(Clean_1_Numeric!H7,danger_lo,danger_lbl) -> High (4-5) | J7: =IF(ISNUMBER(Clean_1_Numeric!I7),Clean_1_Numeric!I7^2,"") -> 96.04 | K7: =Clean_1_Numeric!P7 -> 1 | L7: =Clean_1_Numeric!N7 -> 1 | M7: =IF(L7=1,COUNTIF(L$2:L7,1),"") -> 5
A8: =Clean_1_Numeric!A8 -> 7 | B8: =IF(ISNUMBER(Clean_1_Numeric!B8),LOG10(Clean_1_Numeric!B8),"") -> -1.6382722 | C8: =IF(ISNUMBER(Clean_1_Numeric!C8),LOG10(Clean_1_Numeric!C8),"") -> -0.52287875 | D8: =IF(ISNUMBER(Clean_1_Numeric!D8),LOG10(Clean_1_Numeric!D8),"") -> 1.2787536 | E8: =IF(ISNUMBER(Clean_1_Numeric!E8),LOG10(Clean_1_Numeric!E8),"") -> 1.544068 | F8: =IF(AND(ISNUMBER(Clean_1_Numeric!B8),ISNUMBER(Clean_1_Numeric!C8)),Clean_1_Numeric!C8/Clean_1_Numeric!B8,"") -> 13.043478 | G8: =IF(ISNUMBER(Clean_1_Numeric!I8),LOOKUP(Clean_1_Numeric!I8,sleep_lo,sleep_lbl),"") -> Long (12h+) | H8: =IF(ISNUMBER(Clean_1_Numeric!B8),LOOKUP(Clean_1_Numeric!B8,size_lo,size_lbl),"") -> Tiny (<1 kg) | I8: =LOOKUP(Clean_1_Numeric!H8,danger_lo,danger_lbl) -> Low (1-2) | J8: =IF(ISNUMBER(Clean_1_Numeric!I8),Clean_1_Numeric!I8^2,"") -> 388.09 | K8: =Clean_1_Numeric!P8 -> 1 | L8: =Clean_1_Numeric!N8 -> 1 | M8: =IF(L8=1,COUNTIF(L$2:L8,1),"") -> 6
A9: =Clean_1_Numeric!A9 -> 8 | B9: =IF(ISNUMBER(Clean_1_Numeric!B9),LOG10(Clean_1_Numeric!B9),"") -> 2.20412 | C9: =IF(ISNUMBER(Clean_1_Numeric!C9),LOG10(Clean_1_Numeric!C9),"") -> 2.2278867 | D9: =IF(ISNUMBER(Clean_1_Numeric!D9),LOG10(Clean_1_Numeric!D9),"") -> 1.4828736 | E9: =IF(ISNUMBER(Clean_1_Numeric!E9),LOG10(Clean_1_Numeric!E9),"") -> 2.5932861 | F9: =IF(AND(ISNUMBER(Clean_1_Numeric!B9),ISNUMBER(Clean_1_Numeric!C9)),Clean_1_Numeric!C9/Clean_1_Numeric!B9,"") -> 1.05625 | G9: =IF(ISNUMBER(Clean_1_Numeric!I9),LOOKUP(Clean_1_Numeric!I9,sleep_lo,sleep_lbl),"") -> Short (<8h) | H9: =IF(ISNUMBER(Clean_1_Numeric!B9),LOOKUP(Clean_1_Numeric!B9,size_lo,size_lbl),"") -> Large (100+ kg) | I9: =LOOKUP(Clean_1_Numeric!H9,danger_lo,danger_lbl) -> High (4-5) | J9: =IF(ISNUMBER(Clean_1_Numeric!I9),Clean_1_Numeric!I9^2,"") -> 38.44 | K9: =Clean_1_Numeric!P9 -> 1 | L9: =Clean_1_Numeric!N9 -> 1 | M9: =IF(L9=1,COUNTIF(L$2:L9,1),"") -> 7
A10: =Clean_1_Numeric!A10 -> 9 | B10: =IF(ISNUMBER(Clean_1_Numeric!B10),LOG10(Clean_1_Numeric!B10),"") -> 0.51851394 | C10: =IF(ISNUMBER(Clean_1_Numeric!C10),LOG10(Clean_1_Numeric!C10),"") -> 1.40824 | D10: =IF(ISNUMBER(Clean_1_Numeric!D10),LOG10(Clean_1_Numeric!D10),"") -> 1.447158 | E10: =IF(ISNUMBER(Clean_1_Numeric!E10),LOG10(Clean_1_Numeric!E10),"") -> 1.7993405 | F10: =IF(AND(ISNUMBER(Clean_1_Numeric!B10),ISNUMBER(Clean_1_Numeric!C10)),Clean_1_Numeric!C10/Clean_1_Numeric!B10,"") -> 7.7575758 | G10: =IF(ISNUMBER(Clean_1_Numeric!I10),LOOKUP(Clean_1_Numeric!I10,sleep_lo,sleep_lbl),"") -> Long (12h+) | H10: =IF(ISNUMBER(Clean_1_Numeric!B10),LOOKUP(Clean_1_Numeric!B10,size_lo,size_lbl),"") -> Small (1-10 kg) | I10: =LOOKUP(Clean_1_Numeric!H10,danger_lo,danger_lbl) -> Low (1-2) | J10: =IF(ISNUMBER(Clean_1_Numeric!I10),Clean_1_Numeric!I10^2,"") -> 210.25 | K10: =Clean_1_Numeric!P10 -> 1 | L10: =Clean_1_Numeric!N10 -> 1 | M10: =IF(L10=1,COUNTIF(L$2:L10,1),"") -> 8
A11: =Clean_1_Numeric!A11 -> 10 | B11: =IF(ISNUMBER(Clean_1_Numeric!B11),LOG10(Clean_1_Numeric!B11),"") -> 1.7173376 | C11: =IF(ISNUMBER(Clean_1_Numeric!C11),LOG10(Clean_1_Numeric!C11),"") -> 2.6434527 | D11: =IF(ISNUMBER(Clean_1_Numeric!D11),LOG10(Clean_1_Numeric!D11),"") -> 1.69897 | E11: =IF(ISNUMBER(Clean_1_Numeric!E11),LOG10(Clean_1_Numeric!E11),"") -> 2.3617278 | F11: =IF(AND(ISNUMBER(Clean_1_Numeric!B11),ISNUMBER(Clean_1_Numeric!C11)),Clean_1_Numeric!C11/Clean_1_Numeric!B11,"") -> 8.4355828 | G11: =IF(ISNUMBER(Clean_1_Numeric!I11),LOOKUP(Clean_1_Numeric!I11,sleep_lo,sleep_lbl),"") -> Medium (8-12h) | H11: =IF(ISNUMBER(Clean_1_Numeric!B11),LOOKUP(Clean_1_Numeric!B11,size_lo,size_lbl),"") -> Medium (10-100 kg) | I11: =LOOKUP(Clean_1_Numeric!H11,danger_lo,danger_lbl) -> Low (1-2) | J11: =IF(ISNUMBER(Clean_1_Numeric!I11),Clean_1_Numeric!I11^2,"") -> 94.09 | K11: =Clean_1_Numeric!P11 -> 1 | L11: =Clean_1_Numeric!N11 -> 1 | M11: =IF(L11=1,COUNTIF(L$2:L11,1),"") -> 9
A12: =Clean_1_Numeric!A12 -> 11 | B12: =IF(ISNUMBER(Clean_1_Numeric!B12),LOG10(Clean_1_Numeric!B12),"") -> -0.37161107 | C12: =IF(ISNUMBER(Clean_1_Numeric!C12),LOG10(Clean_1_Numeric!C12),"") -> 0.80617997 | D12: =IF(ISNUMBER(Clean_1_Numeric!D12),LOG10(Clean_1_Numeric!D12),"") -> 0.84509804 | E12: =IF(ISNUMBER(Clean_1_Numeric!E12),LOG10(Clean_1_Numeric!E12),"") -> 2.049218 | F12: =IF(AND(ISNUMBER(Clean_1_Numeric!B12),ISNUMBER(Clean_1_Numeric!C12)),Clean_1_Numeric!C12/Clean_1_Numeric!B12,"") -> 15.058824 | G12: =IF(ISNUMBER(Clean_1_Numeric!I12),LOOKUP(Clean_1_Numeric!I12,sleep_lo,sleep_lbl),"") -> Long (12h+) | H12: =IF(ISNUMBER(Clean_1_Numeric!B12),LOOKUP(Clean_1_Numeric!B12,size_lo,size_lbl),"") -> Tiny (<1 kg) | I12: =LOOKUP(Clean_1_Numeric!H12,danger_lo,danger_lbl) -> High (4-5) | J12: =IF(ISNUMBER(Clean_1_Numeric!I12),Clean_1_Numeric!I12^2,"") -> 156.25 | K12: =Clean_1_Numeric!P12 -> 1 | L12: =Clean_1_Numeric!N12 -> 1 | M12: =IF(L12=1,COUNTIF(L$2:L12,1),"") -> 10
A13: =Clean_1_Numeric!A13 -> 12 | B13: =IF(ISNUMBER(Clean_1_Numeric!B13),LOG10(Clean_1_Numeric!B13),"") -> 2.667453 | C13: =IF(ISNUMBER(Clean_1_Numeric!C13),LOG10(Clean_1_Numeric!C13),"") -> 2.6263404 | D13: =IF(ISNUMBER(Clean_1_Numeric!D13),LOG10(Clean_1_Numeric!D13),"") -> 1.4771213 | E13: =IF(ISNUMBER(Clean_1_Numeric!E13),LOG10(Clean_1_Numeric!E13),"") -> 2.4487063 | F13: =IF(AND(ISNUMBER(Clean_1_Numeric!B13),ISNUMBER(Clean_1_Numeric!C13)),Clean_1_Numeric!C13/Clean_1_Numeric!B13,"") -> 0.90967742 | G13: =IF(ISNUMBER(Clean_1_Numeric!I13),LOOKUP(Clean_1_Numeric!I13,sleep_lo,sleep_lbl),"") -> Short (<8h) | H13: =IF(ISNUMBER(Clean_1_Numeric!B13),LOOKUP(Clean_1_Numeric!B13,size_lo,size_lbl),"") -> Large (100+ kg) | I13: =LOOKUP(Clean_1_Numeric!H13,danger_lo,danger_lbl) -> High (4-5) | J13: =IF(ISNUMBER(Clean_1_Numeric!I13),Clean_1_Numeric!I13^2,"") -> 15.21 | K13: =Clean_1_Numeric!P13 -> 1 | L13: =Clean_1_Numeric!N13 -> 1 | M13: =IF(L13=1,COUNTIF(L$2:L13,1),"") -> 11
... A63: =Clean_1_Numeric!A63 -> 62 | B63: =IF(ISNUMBER(Clean_1_Numeric!B63),LOG10(Clean_1_Numeric!B63),"") -> 0.60745502 | C63: =IF(ISNUMBER(Clean_1_Numeric!C63),LOG10(Clean_1_Numeric!C63),"") -> 1.2304489 | D63: =IF(ISNUMBER(Clean_1_Numeric!D63),LOG10(Clean_1_Numeric!D63),"") -> 1.1139434 | E63: =IF(ISNUMBER(Clean_1_Numeric!E63),LOG10(Clean_1_Numeric!E63),"") -> 1.5797836 | F63: =IF(AND(ISNUMBER(Clean_1_Numeric!B63),ISNUMBER(Clean_1_Numeric!C63)),Clean_1_Numeric!C63/Clean_1_Numeric!B63,"") -> 4.1975309 | G63: =IF(ISNUMBER(Clean_1_Numeric!I63),LOOKUP(Clean_1_Numeric!I63,sleep_lo,sleep_lbl),"") | H63: =IF(ISNUMBER(Clean_1_Numeric!B63),LOOKUP(Clean_1_Numeric!B63,size_lo,size_lbl),"") -> Small (1-10 kg) | I63: =LOOKUP(Clean_1_Numeric!H63,danger_lo,danger_lbl) -> Low (1-2) | J63: =IF(ISNUMBER(Clean_1_Numeric!I63),Clean_1_Numeric!I63^2,"") | K63: =Clean_1_Numeric!P63 -> 0 | L63: =Clean_1_Numeric!N63 -> 0 | M63: =IF(L63=1,COUNTIF(L$2:L63,1),"")

Sheet Model_Data
A1: k | B1: source_row | C1: total_sleep | D1: log10_body_weight | E1: log10_max_life_span | F1: log10_gestation_time | G1: danger_index | H1: predicted_sleep | I1: residual | J1: std_residual
A2: 1 | B2: =MATCH(A2,x_seq,0) -> 1 | C2: =INDEX(s_sleep,B2) -> 3.3 | D2: =INDEX(l_body,B2) -> 3.8230828 | E2: =INDEX(l_life,B2) -> 1.5865873 | F2: =INDEX(l_gest,B2) -> 2.8095597 | G2: =INDEX(s_danger,B2) -> 3 | H2: =m_intercept+SUMPRODUCT(m_coef,D2:G2) -> 3.8303393 | I2: =C2-H2 -> -0.53033935 | J2: =I2/m_se -> -0.18887132
A3: 2 | B3: =MATCH(A3,x_seq,0) -> 2 | C3: =INDEX(s_sleep,B3) -> 8.3 | D3: =INDEX(l_body,B3) -> 0 | E3: =INDEX(l_life,B3) -> 0.65321251 | F3: =INDEX(l_gest,B3) -> 1.6232493 | G3: =INDEX(s_danger,B3) -> 3 | H3: =m_intercept+SUMPRODUCT(m_coef,D3:G3) -> 11.086802 | I3: =C3-H3 -> -2.7868016 | J3: =I3/m_se -> -0.99247191
A4: 3 | B4: =MATCH(A4,x_seq,0) -> 3 | C4: =INDEX(s_sleep,B4) -> 12.5 | D4: =INDEX(l_body,B4) -> 0.52955867 | E4: =INDEX(l_life,B4) -> 1.146128 | F4: =INDEX(l_gest,B4) -> 1.7781513 | G4: =INDEX(s_danger,B4) -> 1 | H4: =m_intercept+SUMPRODUCT(m_coef,D4:G4) -> 13.484478 | I4: =C4-H4 -> -0.98447753 | J4: =I4/m_se -> -0.3506049
A5: 4 | B5: =MATCH(A5,x_seq,0) -> 5 | C5: =INDEX(s_sleep,B5) -> 3.9 | D5: =INDEX(l_body,B5) -> 3.4060289 | E5: =INDEX(l_life,B5) -> 1.8388491 | F5: =INDEX(l_gest,B5) -> 2.7951846 | G5: =INDEX(s_danger,B5) -> 4 | H5: =m_intercept+SUMPRODUCT(m_coef,D5:G5) -> 3.0317909 | I5: =C5-H5 -> 0.8682091 | J5: =I5/m_se -> 0.30919788
A6: 5 | B6: =MATCH(A6,x_seq,0) -> 6 | C6: =INDEX(s_sleep,B6) -> 9.8 | D6: =INDEX(l_body,B6) -> 1.0232525 | E6: =INDEX(l_life,B6) -> 1.4313638 | F6: =INDEX(l_gest,B6) -> 2.2552725 | G6: =INDEX(s_danger,B6) -> 4 | H6: =m_intercept+SUMPRODUCT(m_coef,D6:G6) -> 6.9679482 | I6: =C6-H6 -> 2.8320518 | J6: =I6/m_se -> 1.008587
A7: 6 | B7: =MATCH(A7,x_seq,0) -> 7 | C7: =INDEX(s_sleep,B7) -> 19.7 | D7: =INDEX(l_body,B7) -> -1.6382722 | E7: =INDEX(l_life,B7) -> 1.2787536 | F7: =INDEX(l_gest,B7) -> 1.544068 | G7: =INDEX(s_danger,B7) -> 1 | H7: =m_intercept+SUMPRODUCT(m_coef,D7:G7) -> 16.585814 | I7: =C7-H7 -> 3.114186 | J7: =I7/m_se -> 1.1090643
A8: 7 | B8: =MATCH(A8,x_seq,0) -> 8 | C8: =INDEX(s_sleep,B8) -> 6.2 | D8: =INDEX(l_body,B8) -> 2.20412 | E8: =INDEX(l_life,B8) -> 1.4828736 | F8: =INDEX(l_gest,B8) -> 2.5932861 | G8: =INDEX(s_danger,B8) -> 4 | H8: =m_intercept+SUMPRODUCT(m_coef,D8:G8) -> 4.6000149 | I8: =C8-H8 -> 1.5999851 | J8: =I8/m_se -> 0.56980743
A9: 8 | B9: =MATCH(A9,x_seq,0) -> 9 | C9: =INDEX(s_sleep,B9) -> 14.5 | D9: =INDEX(l_body,B9) -> 0.51851394 | E9: =INDEX(l_life,B9) -> 1.447158 | F9: =INDEX(l_gest,B9) -> 1.7993405 | G9: =INDEX(s_danger,B9) -> 1 | H9: =m_intercept+SUMPRODUCT(m_coef,D9:G9) -> 13.712807 | I9: =C9-H9 -> 0.78719272 | J9: =I9/m_se -> 0.28034527
A10: 9 | B10: =MATCH(A10,x_seq,0) -> 10 | C10: =INDEX(s_sleep,B10) -> 9.7 | D10: =INDEX(l_body,B10) -> 1.7173376 | E10: =INDEX(l_life,B10) -> 1.69897 | F10: =INDEX(l_gest,B10) -> 2.3617278 | G10: =INDEX(s_danger,B10) -> 1 | H10: =m_intercept+SUMPRODUCT(m_coef,D10:G10) -> 10.672172 | I10: =C10-H10 -> -0.97217225 | J10: =I10/m_se -> -0.34622258
A11: 10 | B11: =MATCH(A11,x_seq,0) -> 11 | C11: =INDEX(s_sleep,B11) -> 12.5 | D11: =INDEX(l_body,B11) -> -0.37161107 | E11: =INDEX(l_life,B11) -> 0.84509804 | F11: =INDEX(l_gest,B11) -> 2.049218 | G11: =INDEX(s_danger,B11) -> 4 | H11: =m_intercept+SUMPRODUCT(m_coef,D11:G11) -> 8.5087579 | I11: =C11-H11 -> 3.9912421 | J11: =I11/m_se -> 1.4214129
A12: 11 | B12: =MATCH(A12,x_seq,0) -> 12 | C12: =INDEX(s_sleep,B12) -> 3.9 | D12: =INDEX(l_body,B12) -> 2.667453 | E12: =INDEX(l_life,B12) -> 1.4771213 | F12: =INDEX(l_gest,B12) -> 2.4487063 | G12: =INDEX(s_danger,B12) -> 5 | H12: =m_intercept+SUMPRODUCT(m_coef,D12:G12) -> 3.1970432 | I12: =C12-H12 -> 0.70295679 | J12: =I12/m_se -> 0.25034608
A13: 12 | B13: =MATCH(A13,x_seq,0) -> 14 | C13: =INDEX(s_sleep,B13) -> 3.1 | D13: =INDEX(l_body,B13) -> 2.2720738 | E13: =INDEX(l_life,B13) -> 1.60206 | F13: =INDEX(l_gest,B13) -> 2.5622929 | G13: =INDEX(s_danger,B13) -> 5 | H13: =m_intercept+SUMPRODUCT(m_coef,D13:G13) -> 3.2677022 | I13: =C13-H13 -> -0.16770224 | J13: =I13/m_se -> -0.059724294
... A52: 51 | B52: =MATCH(A52,x_seq,0) -> 61 | C52: =INDEX(s_sleep,B52) -> 19.4 | D52: =INDEX(l_body,B52) -> 0.54406804 | E52: =INDEX(l_life,B52) -> 0.47712125 | F52: =INDEX(l_gest,B52) -> 1.146128 | G52: =INDEX(s_danger,B52) -> 1 | H52: =m_intercept+SUMPRODUCT(m_coef,D52:G52) -> 15.213077 | I52: =C52-H52 -> 4.1869228 | J52: =I52/m_se -> 1.4911012

Sheet Settings
A1: Settings, assumptions & workbook map
F3: Dashboard dropdown lists
A4: 1. Validation limits & test settings | F4: danger | G4: pred | H4: expo | I4: size
A5: Parameter | B5: Value | C5: Notes | F5: All | G5: All | H5: All | I5: All
A6: Minimum plausible weight (kg / g) | B6: 0.001 | C6: Smallest animal is a bat (0.005 kg) | F6: 1 | G6: 1 | H6: 1 | I6: =Settings!$C$23 -> Tiny (<1 kg)
A7: Maximum plausible body weight (kg) | B7: 20000 | C7: Assumption (largest in file 6,654 kg) | F7: 2 | G7: 2 | H7: 2 | I7: =Settings!$C$24 -> Small (1-10 kg)
A8: Maximum plausible brain weight (g) | B8: 10000 | C8: Assumption (largest 5,712 g) | F8: 3 | G8: 3 | H8: 3 | I8: =Settings!$C$25 -> Medium (10-100 kg)
A9: Maximum life span (years) | B9: 150 | C9: Assumption | F9: 4 | G9: 4 | H9: 4 | I9: =Settings!$C$26 -> Large (100+ kg)
A10: Maximum gestation (days) | B10: 1000 | C10: Assumption (largest 645) | F10: 5 | G10: 5 | H10: 5
A11: Minimum index value (1-5 scales) | B11: 1 | C11: Predation, exposure, danger
A12: Maximum index value (1-5 scales) | B12: 5 | C12: Predation, exposure, danger
A13: Maximum sleep (hours per day) | B13: 24 | C13: Physical limit
A14: Significance level (alpha) | B14: 0.05 | C14: Used for CIs and significance flags
A16: 2. Banding tables (LOOKUP lower bounds feed Clean_2_Features)
A17: Sleep groups (hours / day) | B17: Lower bound (>=) | C17: Label (auto)
A18: Short | B18: 0 | C18: =$A$18&" (<"&$B$19&"h)" -> Short (<8h)
A19: Medium | B19: 8 | C19: =$A$19&" ("&$B$19&"-"&$B$20&"h)" -> Medium (8-12h)
A20: Long | B20: 12 | C20: =$A$20&" ("&$B$20&"h+)" -> Long (12h+)
A22: Body-size classes (kg) | B22: Lower bound (>=) | C22: Label (auto)
A23: Tiny | B23: 0 | C23: =$A$23&" (<"&$B$24&" kg)" -> Tiny (<1 kg)
A24: Small | B24: 1 | C24: =$A$24&" ("&$B$24&"-"&$B$25&" kg)" -> Small (1-10 kg)
A25: Medium | B25: 10 | C25: =$A$25&" ("&$B$25&"-"&$B$26&" kg)" -> Medium (10-100 kg)
A26: Large | B26: 100 | C26: =$A$26&" ("&$B$26&"+ kg)" -> Large (100+ kg)
A28: Danger groups (danger_index) | B28: Lower bound (>=) | C28: Label (auto)
A29: Low | B29: 1 | C29: =$A$29&" ("&$B$29&"-"&($B$30-1)&")" -> Low (1-2)
A30: Moderate | B30: 3 | C30: =$A$30&" ("&$B$30&")" -> Moderate (3)
A31: High | B31: 4 | C31: =$A$31&" ("&$B$31&"-5)" -> High (4-5)

Sheet Data_Quality
A1: Data quality & cleaning report (all formulas)
A4: A. Missing data by column
A5: Column | B5: Treatment | C5: Non-missing | D5: Missing | E5: % missing | F5: "?" in Raw_Data | G5: Min | H5: Max
A6: body_weight | B6: Complete - no action | C6: =COUNT(s_body) -> 62 | D6: =ROWS(s_body)-C6 -> 0 | E6: =IF(ROWS(s_body)=0,0,D6/ROWS(s_body)) -> 0 | F6: =COUNTIF(raw_body_weight,"~?") -> 0 | G6: =MIN(s_body) -> 0.005 | H6: =MAX(s_body) -> 6654
A7: brain_weight | B7: Complete - no action | C7: =COUNT(s_brain) -> 62 | D7: =ROWS(s_brain)-C7 -> 0 | E7: =IF(ROWS(s_brain)=0,0,D7/ROWS(s_brain)) -> 0 | F7: =COUNTIF(raw_brain_weight,"~?") -> 0 | G7: =MIN(s_brain) -> 0.14 | H7: =MAX(s_brain) -> 5712
A8: max_life_span | B8: Kept as blank; excluded pairwise; excluded from regression | C8: =COUNT(s_life) -> 58 | D8: =ROWS(s_life)-C8 -> 4 | E8: =IF(ROWS(s_life)=0,0,D8/ROWS(s_life)) -> 0.064516129 | F8: =COUNTIF(raw_max_life_span,"~?") -> 4 | G8: =MIN(s_life) -> 2 | H8: =MAX(s_life) -> 100
A9: gestation_time | B9: Kept as blank; excluded pairwise; excluded from regression | C9: =COUNT(s_gest) -> 58 | D9: =ROWS(s_gest)-C9 -> 4 | E9: =IF(ROWS(s_gest)=0,0,D9/ROWS(s_gest)) -> 0.064516129 | F9: =COUNTIF(raw_gestation_time,"~?") -> 4 | G9: =MIN(s_gest) -> 12 | H9: =MAX(s_gest) -> 645
A10: predation_index | B10: Complete - no action | C10: =COUNT(s_pred) -> 62 | D10: =ROWS(s_pred)-C10 -> 0 | E10: =IF(ROWS(s_pred)=0,0,D10/ROWS(s_pred)) -> 0 | F10: =COUNTIF(raw_predation_index,"~?") -> 0 | G10: =MIN(s_pred) -> 1 | H10: =MAX(s_pred) -> 5
A11: sleep_exposure_index | B11: Complete - no action | C11: =COUNT(s_expo) -> 62 | D11: =ROWS(s_expo)-C11 -> 0 | E11: =IF(ROWS(s_expo)=0,0,D11/ROWS(s_expo)) -> 0 | F11: =COUNTIF(raw_sleep_exposure_index,"~?") -> 0 | G11: =MIN(s_expo) -> 1 | H11: =MAX(s_expo) -> 5
A12: danger_index | B12: Complete - no action | C12: =COUNT(s_danger) -> 62 | D12: =ROWS(s_danger)-C12 -> 0 | E12: =IF(ROWS(s_danger)=0,0,D12/ROWS(s_danger)) -> 0 | F12: =COUNTIF(raw_danger_index,"~?") -> 0 | G12: =MIN(s_danger) -> 1 | H12: =MAX(s_danger) -> 5
A13: total_sleep | B13: Outcome - animals without it are excluded from sleep analyses | C13: =COUNT(s_sleep) -> 58 | D13: =ROWS(s_sleep)-C13 -> 4 | E13: =IF(ROWS(s_sleep)=0,0,D13/ROWS(s_sleep)) -> 0.064516129 | F13: =COUNTIF(raw_total_sleep,"~?") -> 4 | G13: =MIN(s_sleep) -> 2.6 | H13: =MAX(s_sleep) -> 19.9
A15: B. Record-level summary
A16: Check | B16: Meaning | C16: Records | D16: % of records
A17: Total records | B17: Animals in Raw_Data | C17: =ROWS(s_body) -> 62 | D17: =IF($C$17=0,0,C17/$C$17) -> 1
A18: Rows with at least one missing value | B18: missing_count > 0 | C18: =COUNTIF(s_missing,">0") -> 11 | D18: =IF($C$17=0,0,C18/$C$17) -> 0.17741935
A19: Rows missing the outcome (total_sleep) | B19: Excluded from sleep analyses | C19: =ROWS(s_sleep)-SUM(s_hassleep) -> 4 | D19: =IF($C$17=0,0,C19/$C$17) -> 0.064516129
A20: Rows with sleep recorded | B20: Used in correlations & group analysis | C20: =SUM(s_hassleep) -> 58 | D20: =IF($C$17=0,0,C20/$C$17) -> 0.93548387
A21: Complete cases | B21: No missing value in any column - used for regression | C21: =SUM(s_complete) -> 51 | D21: =IF($C$17=0,0,C21/$C$17) -> 0.82258065
A22: Rows passing range checks | B22: All values within Settings limits | C22: =SUM(s_rangeok) -> 62 | D22: =IF($C$17=0,0,C22/$C$17) -> 1
A23: Non-numeric values that are not "?" | B23: Unexpected text - should be 0 | C23: =SUM(Clean_1_Numeric!L2:L63) -> 0 | D23: =IF($C$17=0,0,C23/$C$17) -> 0
A25: Model rows check | B25: =IF(SUM(s_complete)=ROWS(md_y),"OK - Model_Data holds every complete case","CHECK - Model_Data row count differs from complete cases") -> OK - Model_Data holds every complete case
A27: C. Skewness: why we transform
A28: Variable | B28: Decision | C28: Skew (raw) | D28: Skew (log10) | E28: Improvement
A29: body_weight | B29: =IF(ABS(C29)>1,"Log10-transform (|skew| > 1)","Keep raw") -> Log10-transform (|skew| > 1) | C29: =SKEW(s_body) -> 6.5636081 | D29: =SKEW(l_body) -> 0.1526676 | E29: =ABS(C29)-ABS(D29) -> 6.4109405
A30: brain_weight | B30: =IF(ABS(C30)>1,"Log10-transform (|skew| > 1)","Keep raw") -> Log10-transform (|skew| > 1) | C30: =SKEW(s_brain) -> 5.0715895 | D30: =SKEW(l_brain) -> 0.045626098 | E30: =ABS(C30)-ABS(D30) -> 5.0259634
A31: max_life_span | B31: =IF(ABS(C31)>1,"Log10-transform (|skew| > 1)","Keep raw") -> Log10-transform (|skew| > 1) | C31: =SKEW(s_life) -> 2.0137595 | D31: =SKEW(l_life) -> -0.17169383 | E31: =ABS(C31)-ABS(D31) -> 1.8420657
A32: gestation_time | B32: =IF(ABS(C32)>1,"Log10-transform (|skew| > 1)","Keep raw") -> Log10-transform (|skew| > 1) | C32: =SKEW(s_gest) -> 1.6835008 | D32: =SKEW(l_gest) -> 0.049883014 | E32: =ABS(C32)-ABS(D32) -> 1.6336178
A34: D. Outlier scan (Tukey 1.5 x IQR) - flagged, not removed
A35: Variable | B35: Treatment | C35: Q1 | D35: Q3 | E35: Lower fence | F35: Upper fence | G35: Below | H35: Above
A36: body_weight (kg) | B36: Flag only: real animals (e.g. elephants), retained | C36: =Descriptive_Stats!H5 -> 0.6 | D36: =Descriptive_Stats!I5 -> 48.2025 | E36: =C36-1.5*(D36-C36) -> -70.80375 | F36: =D36+1.5*(D36-C36) -> 119.60625 | G36: =COUNTIF(s_body,"<"&E36) -> 0 | H36: =COUNTIF(s_body,">"&F36) -> 10
A37: brain_weight (g) | B37: Flag only: real animals (e.g. elephants), retained | C37: =Descriptive_Stats!H6 -> 4.25 | D37: =Descriptive_Stats!I6 -> 166 | E37: =C37-1.5*(D37-C37) -> -238.375 | F37: =D37+1.5*(D37-C37) -> 408.625 | G37: =COUNTIF(s_brain,"<"&E37) -> 0 | H37: =COUNTIF(s_brain,">"&F37) -> 9
A38: max_life_span (years) | B38: Flag only: real animals (e.g. elephants), retained | C38: =Descriptive_Stats!H7 -> 6.625 | D38: =Descriptive_Stats!I7 -> 27.75 | E38: =C38-1.5*(D38-C38) -> -25.0625 | F38: =D38+1.5*(D38-C38) -> 59.4375 | G38: =COUNTIF(s_life,"<"&E38) -> 0 | H38: =COUNTIF(s_life,">"&F38) -> 2
A39: gestation_time (days) | B39: Flag only: real animals (e.g. elephants), retained | C39: =Descriptive_Stats!H8 -> 35.75 | D39: =Descriptive_Stats!I8 -> 207.5 | E39: =C39-1.5*(D39-C39) -> -221.875 | F39: =D39+1.5*(D39-C39) -> 465.125 | G39: =COUNTIF(s_gest,"<"&E39) -> 0 | H39: =COUNTIF(s_gest,">"&F39) -> 2
A40: total_sleep (h/day) | B40: Flag only: real animals (e.g. elephants), retained | C40: =Descriptive_Stats!H12 -> 8.05 | D40: =Descriptive_Stats!I12 -> 13.2 | E40: =C40-1.5*(D40-C40) -> 0.325 | F40: =D40+1.5*(D40-C40) -> 20.925 | G40: =COUNTIF(s_sleep,"<"&E40) -> 0 | H40: =COUNTIF(s_sleep,">"&F40) -> 0
A42: E. Pipeline map
A43: Clean_1_Numeric / B:I | B43: Keep numbers, turn "?" into blank
A44: Clean_1_Numeric / missing_count, placeholders | B44: Blanks per row; literal "?" found via COUNTIF "~?"
A45: Clean_1_Numeric / range_ok, include_row | B45: Limits from Settings; include = sleep present AND range ok
A46: Clean_2_Features / log10_* | B46: LOG10 of weights, life span, gestation
A47: Clean_2_Features / groups | B47: LOOKUP against Settings bands (sleep, size, danger)
A48: Clean_2_Features / model_seq | B48: Running index of complete cases
A49: Model_Data | B49: INDEX/MATCH pull of complete cases -> LINEST

Sheet Descriptive_Stats
A1: Descriptive statistics
A4: Variable | B4: N | C4: Missing | D4: Mean | E4: Median | F4: Std dev | G4: Min | H4: Q1 | I4: Q3 | J4: Max | K4: Skewness | L4: CV %
A5: body_weight (kg) | B5: =COUNT(s_body) -> 62 | C5: =ROWS(s_body)-B5 -> 0 | D5: =AVERAGE(s_body) -> 198.78998 | E5: =MEDIAN(s_body) -> 3.3425 | F5: =STDEV(s_body) -> 899.15801 | G5: =MIN(s_body) -> 0.005 | H5: =QUARTILE(s_body,1) -> 0.6 | I5: =QUARTILE(s_body,3) -> 48.2025 | J5: =MAX(s_body) -> 6654 | K5: =SKEW(s_body) -> 6.5636081 | L5: =IF(D5=0,0,F5/D5*100) -> 452.31555
A6: brain_weight (g) | B6: =COUNT(s_brain) -> 62 | C6: =ROWS(s_brain)-B6 -> 0 | D6: =AVERAGE(s_brain) -> 283.13419 | E6: =MEDIAN(s_brain) -> 17.25 | F6: =STDEV(s_brain) -> 930.27894 | G6: =MIN(s_brain) -> 0.14 | H6: =QUARTILE(s_brain,1) -> 4.25 | I6: =QUARTILE(s_brain,3) -> 166 | J6: =MAX(s_brain) -> 5712 | K6: =SKEW(s_brain) -> 5.0715895 | L6: =IF(D6=0,0,F6/D6*100) -> 328.56467
A7: max_life_span (years) | B7: =COUNT(s_life) -> 58 | C7: =ROWS(s_life)-B7 -> 4 | D7: =AVERAGE(s_life) -> 19.877586 | E7: =MEDIAN(s_life) -> 15.1 | F7: =STDEV(s_life) -> 18.206255 | G7: =MIN(s_life) -> 2 | H7: =QUARTILE(s_life,1) -> 6.625 | I7: =QUARTILE(s_life,3) -> 27.75 | J7: =MAX(s_life) -> 100 | K7: =SKEW(s_life) -> 2.0137595 | L7: =IF(D7=0,0,F7/D7*100) -> 91.591882
A8: gestation_time (days) | B8: =COUNT(s_gest) -> 58 | C8: =ROWS(s_gest)-B8 -> 4 | D8: =AVERAGE(s_gest) -> 142.35345 | E8: =MEDIAN(s_gest) -> 79 | F8: =STDEV(s_gest) -> 146.80504 | G8: =MIN(s_gest) -> 12 | H8: =QUARTILE(s_gest,1) -> 35.75 | I8: =QUARTILE(s_gest,3) -> 207.5 | J8: =MAX(s_gest) -> 645 | K8: =SKEW(s_gest) -> 1.6835008 | L8: =IF(D8=0,0,F8/D8*100) -> 103.12714
A9: predation_index | B9: =COUNT(s_pred) -> 62 | C9: =ROWS(s_pred)-B9 -> 0 | D9: =AVERAGE(s_pred) -> 2.8709677 | E9: =MEDIAN(s_pred) -> 3 | F9: =STDEV(s_pred) -> 1.4764143 | G9: =MIN(s_pred) -> 1 | H9: =QUARTILE(s_pred,1) -> 2 | I9: =QUARTILE(s_pred,3) -> 4 | J9: =MAX(s_pred) -> 5 | K9: =SKEW(s_pred) -> 0.22951867 | L9: =IF(D9=0,0,F9/D9*100) -> 51.425665
A10: sleep_exposure_index | B10: =COUNT(s_expo) -> 62 | C10: =ROWS(s_expo)-B10 -> 0 | D10: =AVERAGE(s_expo) -> 2.4193548 | E10: =MEDIAN(s_expo) -> 2 | F10: =STDEV(s_expo) -> 1.6047919 | G10: =MIN(s_expo) -> 1 | H10: =QUARTILE(s_expo,1) -> 1 | I10: =QUARTILE(s_expo,3) -> 4 | J10: =MAX(s_expo) -> 5 | K10: =SKEW(s_expo) -> 0.67953569 | L10: =IF(D10=0,0,F10/D10*100) -> 66.331397
A11: danger_index | B11: =COUNT(s_danger) -> 62 | C11: =ROWS(s_danger)-B11 -> 0 | D11: =AVERAGE(s_danger) -> 2.6129032 | E11: =MEDIAN(s_danger) -> 2 | F11: =STDEV(s_danger) -> 1.4412522 | G11: =MIN(s_danger) -> 1 | H11: =QUARTILE(s_danger,1) -> 1 | I11: =QUARTILE(s_danger,3) -> 4 | J11: =MAX(s_danger) -> 5 | K11: =SKEW(s_danger) -> 0.37765588 | L11: =IF(D11=0,0,F11/D11*100) -> 55.159034
A12: total_sleep (h/day) | B12: =COUNT(s_sleep) -> 58 | C12: =ROWS(s_sleep)-B12 -> 4 | D12: =AVERAGE(s_sleep) -> 10.532759 | E12: =MEDIAN(s_sleep) -> 10.45 | F12: =STDEV(s_sleep) -> 4.6067604 | G12: =MIN(s_sleep) -> 2.6 | H12: =QUARTILE(s_sleep,1) -> 8.05 | I12: =QUARTILE(s_sleep,3) -> 13.2 | J12: =MAX(s_sleep) -> 19.9 | K12: =SKEW(s_sleep) -> 0.20124524 | L12: =IF(D12=0,0,F12/D12*100) -> 43.737453
A13: log10 body_weight | B13: =COUNT(l_body) -> 62 | C13: =ROWS(l_body)-B13 -> 0 | D13: =AVERAGE(l_body) -> 0.58088579 | E13: =MEDIAN(l_body) -> 0.52403631 | F13: =STDEV(l_body) -> 1.3563571 | G13: =MIN(l_body) -> -2.30103 | H13: =QUARTILE(l_body,1) -> -0.22596267 | I13: =QUARTILE(l_body,3) -> 1.6780695 | J13: =MAX(l_body) -> 3.8230828 | K13: =SKEW(l_body) -> 0.1526676 | L13: =IF(D13=0,0,F13/D13*100) -> 233.49807
A14: log10 brain_weight | B14: =COUNT(l_brain) -> 62 | C14: =ROWS(l_brain)-B14 -> 0 | D14: =AVERAGE(l_brain) -> 1.3637706 | E14: =MEDIAN(l_brain) -> 1.2367435 | F14: =STDEV(l_brain) -> 1.0625067 | G14: =MIN(l_brain) -> -0.85387196 | H14: =QUARTILE(l_brain,1) -> 0.62628749 | I14: =QUARTILE(l_brain,3) -> 2.2198899 | J14: =MAX(l_brain) -> 3.7567882 | K14: =SKEW(l_brain) -> 0.045626098 | L14: =IF(D14=0,0,F14/D14*100) -> 77.909484
A15: log10 max_life_span | B15: =COUNT(l_life) -> 58 | C15: =ROWS(l_life)-B15 -> 4 | D15: =AVERAGE(l_life) -> 1.126151 | E15: =MEDIAN(l_life) -> 1.1778215 | F15: =STDEV(l_life) -> 0.40976316 | G15: =MIN(l_life) -> 0.30103 | H15: =QUARTILE(l_life,1) -> 0.82095953 | I15: =QUARTILE(l_life,3) -> 1.4432095 | J15: =MAX(l_life) -> 2 | K15: =SKEW(l_life) -> -0.17169383 | L15: =IF(D15=0,0,F15/D15*100) -> 36.386163
A16: log10 gestation_time | B16: =COUNT(l_gest) -> 58 | C16: =ROWS(l_gest)-B16 -> 4 | D16: =AVERAGE(l_gest) -> 1.9300876 | E16: =MEDIAN(l_gest) -> 1.8933757 | F16: =STDEV(l_gest) -> 0.46046146 | G16: =MIN(l_gest) -> 1.0791812 | H16: =QUARTILE(l_gest,1) -> 1.5529969 | I16: =QUARTILE(l_gest,3) -> 2.316922 | J16: =MAX(l_gest) -> 2.8095597 | K16: =SKEW(l_gest) -> 0.049883014 | L16: =IF(D16=0,0,F16/D16*100) -> 23.857024
A17: brain g per body kg | B17: =COUNT(x_ratio) -> 62 | C17: =ROWS(x_ratio)-B17 -> 0 | D17: =AVERAGE(x_ratio) -> 9.6242136 | E17: =MEDIAN(x_ratio) -> 6.6108564 | F17: =STDEV(x_ratio) -> 8.9150449 | G17: =MIN(x_ratio) -> 0.85843102 | H17: =QUARTILE(x_ratio,1) -> 3.102574 | I17: =QUARTILE(x_ratio,3) -> 13.66842 | J17: =MAX(x_ratio) -> 39.60396 | K17: =SKEW(x_ratio) -> 1.3483686 | L17: =IF(D17=0,0,F17/D17*100) -> 92.631411
A22: Distribution of total sleep (all animals with sleep recorded)
A23: Bin (hours) | B23: From (>=) | C23: To (<) | D23: Animals | E23: % of animals
A24: 2-4 h | B24: 2 | C24: 4 | D24: =COUNTIFS(s_sleep,">="&B24,s_sleep,"<"&C24) -> 8 | E24: =IF(SUM($D$24:$D$32)=0,0,D24/SUM($D$24:$D$32)) -> 0.13793103
A25: 4-6 h | B25: 4 | C25: 6 | D25: =COUNTIFS(s_sleep,">="&B25,s_sleep,"<"&C25) -> 2 | E25: =IF(SUM($D$24:$D$32)=0,0,D25/SUM($D$24:$D$32)) -> 0.034482759
A26: 6-8 h | B26: 6 | C26: 8 | D26: =COUNTIFS(s_sleep,">="&B26,s_sleep,"<"&C26) -> 4 | E26: =IF(SUM($D$24:$D$32)=0,0,D26/SUM($D$24:$D$32)) -> 0.068965517
A27: 8-10 h | B27: 8 | C27: 10 | D27: =COUNTIFS(s_sleep,">="&B27,s_sleep,"<"&C27) -> 12 | E27: =IF(SUM($D$24:$D$32)=0,0,D27/SUM($D$24:$D$32)) -> 0.20689655
A28: 10-12 h | B28: 10 | C28: 12 | D28: =COUNTIFS(s_sleep,">="&B28,s_sleep,"<"&C28) -> 10 | E28: =IF(SUM($D$24:$D$32)=0,0,D28/SUM($D$24:$D$32)) -> 0.17241379
A29: 12-14 h | B29: 12 | C29: 14 | D29: =COUNTIFS(s_sleep,">="&B29,s_sleep,"<"&C29) -> 11 | E29: =IF(SUM($D$24:$D$32)=0,0,D29/SUM($D$24:$D$32)) -> 0.18965517
A30: 14-16 h | B30: 14 | C30: 16 | D30: =COUNTIFS(s_sleep,">="&B30,s_sleep,"<"&C30) -> 3 | E30: =IF(SUM($D$24:$D$32)=0,0,D30/SUM($D$24:$D$32)) -> 0.051724138
A31: 16-18 h | B31: 16 | C31: 18 | D31: =COUNTIFS(s_sleep,">="&B31,s_sleep,"<"&C31) -> 3 | E31: =IF(SUM($D$24:$D$32)=0,0,D31/SUM($D$24:$D$32)) -> 0.051724138
A32: 18-20 h | B32: 18 | C32: 20.01 | D32: =COUNTIFS(s_sleep,">="&B32,s_sleep,"<"&C32) -> 5 | E32: =IF(SUM($D$24:$D$32)=0,0,D32/SUM($D$24:$D$32)) -> 0.086206897

Sheet Correlation
A1: Correlation with total sleep (hours / day)
A2: Pairwise Pearson r on available values. Log10 versions are used for the skewed measurements. Negative r = more of the variable, less sleep.
A3: Strength thresholds (|r| >=): | B3: Very strong | C3: 0.7 | D3: Strong | E3: 0.5 | F3: Moderate | G3: 0.3 | H3: Weak | I3: 0.1
K4: Variables ranked by |r|
A5: Variable | B5: Pairs (n) | C5: r with sleep | D5: |r| | E5: Rank | F5: Direction | G5: Strength | H5: t-stat | I5: p-value | J5: Sig. | K5: Rank | L5: Variable | M5: r | N5: Strength
A6: body_weight (kg) | B6: =SUMPRODUCT(ISNUMBER(s_body)*ISNUMBER(s_sleep)) -> 58 | C6: =CORREL(s_body,s_sleep) -> -0.30718591 | D6: =ABS(C6) -> 0.30718591 | E6: =RANK(D6,$D$6:$D$16)+COUNTIF($D$5:D5,D6) -> 11 | F6: =IF(C6>0,"More sleep","Less sleep") -> Less sleep | G6: =IF(D6>=thr_vs,"Very strong",IF(D6>=thr_s,"Strong",IF(D6>=thr_m,"Moderate",IF(D6>=thr_w,"Weak","Negligible")))) -> Moderate | H6: =C6*SQRT((B6-2)/(1-C6^2)) -> -2.4155625 | I6: =TDIST(ABS(H6),B6-2,2) -> 0.01899885 | J6: =IF(I6<0.001,"***",IF(I6<0.01,"**",IF(I6<alpha,"*","ns"))) -> * | K6: 1 | L6: =INDEX($A$6:$A$16,MATCH(K6,$E$6:$E$16,0)) -> log10 gestation_time | M6: =INDEX($C$6:$C$16,MATCH(K6,$E$6:$E$16,0)) -> -0.66365599 | N6: =INDEX($G$6:$G$16,MATCH(K6,$E$6:$E$16,0)) -> Strong
A7: brain_weight (g) | B7: =SUMPRODUCT(ISNUMBER(s_brain)*ISNUMBER(s_sleep)) -> 58 | C7: =CORREL(s_brain,s_sleep) -> -0.35810203 | D7: =ABS(C7) -> 0.35810203 | E7: =RANK(D7,$D$6:$D$16)+COUNTIF($D$5:D6,D7) -> 10 | F7: =IF(C7>0,"More sleep","Less sleep") -> Less sleep | G7: =IF(D7>=thr_vs,"Very strong",IF(D7>=thr_s,"Strong",IF(D7>=thr_m,"Moderate",IF(D7>=thr_w,"Weak","Negligible")))) -> Moderate | H7: =C7*SQRT((B7-2)/(1-C7^2)) -> -2.8701302 | I7: =TDIST(ABS(H7),B7-2,2) -> 0.0057795312 | J7: =IF(I7<0.001,"***",IF(I7<0.01,"**",IF(I7<alpha,"*","ns"))) -> ** | K7: 2 | L7: =INDEX($A$6:$A$16,MATCH(K7,$E$6:$E$16,0)) -> sleep_exposure_index | M7: =INDEX($C$6:$C$16,MATCH(K7,$E$6:$E$16,0)) -> -0.64228451 | N7: =INDEX($G$6:$G$16,MATCH(K7,$E$6:$E$16,0)) -> Strong
A8: max_life_span (years) | B8: =SUMPRODUCT(ISNUMBER(s_life)*ISNUMBER(s_sleep)) -> 54 | C8: =CORREL(s_life,s_sleep) -> -0.41020239 | D8: =ABS(C8) -> 0.41020239 | E8: =RANK(D8,$D$6:$D$16)+COUNTIF($D$5:D7,D8) -> 8 | F8: =IF(C8>0,"More sleep","Less sleep") -> Less sleep | G8: =IF(D8>=thr_vs,"Very strong",IF(D8>=thr_s,"Strong",IF(D8>=thr_m,"Moderate",IF(D8>=thr_w,"Weak","Negligible")))) -> Moderate | H8: =C8*SQRT((B8-2)/(1-C8^2)) -> -3.2434532 | I8: =TDIST(ABS(H8),B8-2,2) -> 0.0020655491 | J8: =IF(I8<0.001,"***",IF(I8<0.01,"**",IF(I8<alpha,"*","ns"))) -> ** | K8: 3 | L8: =INDEX($A$6:$A$16,MATCH(K8,$E$6:$E$16,0)) -> gestation_time (days) | M8: =INDEX($C$6:$C$16,MATCH(K8,$E$6:$E$16,0)) -> -0.6313262 | N8: =INDEX($G$6:$G$16,MATCH(K8,$E$6:$E$16,0)) -> Strong
A9: gestation_time (days) | B9: =SUMPRODUCT(ISNUMBER(s_gest)*ISNUMBER(s_sleep)) -> 54 | C9: =CORREL(s_gest,s_sleep) -> -0.6313262 | D9: =ABS(C9) -> 0.6313262 | E9: =RANK(D9,$D$6:$D$16)+COUNTIF($D$5:D8,D9) -> 3 | F9: =IF(C9>0,"More sleep","Less sleep") -> Less sleep | G9: =IF(D9>=thr_vs,"Very strong",IF(D9>=thr_s,"Strong",IF(D9>=thr_m,"Moderate",IF(D9>=thr_w,"Weak","Negligible")))) -> Strong | H9: =C9*SQRT((B9-2)/(1-C9^2)) -> -5.8703493 | I9: =TDIST(ABS(H9),B9-2,2) -> 3.0827943e-07 | J9: =IF(I9<0.001,"***",IF(I9<0.01,"**",IF(I9<alpha,"*","ns"))) -> *** | K9: 4 | L9: =INDEX($A$6:$A$16,MATCH(K9,$E$6:$E$16,0)) -> danger_index | M9: =INDEX($C$6:$C$16,MATCH(K9,$E$6:$E$16,0)) -> -0.58774241 | N9: =INDEX($G$6:$G$16,MATCH(K9,$E$6:$E$16,0)) -> Strong
A10: predation_index | B10: =SUMPRODUCT(ISNUMBER(s_pred)*ISNUMBER(s_sleep)) -> 58 | C10: =CORREL(s_pred,s_sleep) -> -0.39583497 | D10: =ABS(C10) -> 0.39583497 | E10: =RANK(D10,$D$6:$D$16)+COUNTIF($D$5:D9,D10) -> 9 | F10: =IF(C10>0,"More sleep","Less sleep") -> Less sleep | G10: =IF(D10>=thr_vs,"Very strong",IF(D10>=thr_s,"Strong",IF(D10>=thr_m,"Moderate",IF(D10>=thr_w,"Weak","Negligible")))) -> Moderate | H10: =C10*SQRT((B10-2)/(1-C10^2)) -> -3.2256211 | I10: =TDIST(ABS(H10),B10-2,2) -> 0.0021004323 | J10: =IF(I10<0.001,"***",IF(I10<0.01,"**",IF(I10<alpha,"*","ns"))) -> ** | K10: 5 | L10: =INDEX($A$6:$A$16,MATCH(K10,$E$6:$E$16,0)) -> log10 brain_weight | M10: =INDEX($C$6:$C$16,MATCH(K10,$E$6:$E$16,0)) -> -0.56259577 | N10: =INDEX($G$6:$G$16,MATCH(K10,$E$6:$E$16,0)) -> Strong
A11: sleep_exposure_index | B11: =SUMPRODUCT(ISNUMBER(s_expo)*ISNUMBER(s_sleep)) -> 58 | C11: =CORREL(s_expo,s_sleep) -> -0.64228451 | D11: =ABS(C11) -> 0.64228451 | E11: =RANK(D11,$D$6:$D$16)+COUNTIF($D$5:D10,D11) -> 2 | F11: =IF(C11>0,"More sleep","Less sleep") -> Less sleep | G11: =IF(D11>=thr_vs,"Very strong",IF(D11>=thr_s,"Strong",IF(D11>=thr_m,"Moderate",IF(D11>=thr_w,"Weak","Negligible")))) -> Strong | H11: =C11*SQRT((B11-2)/(1-C11^2)) -> -6.2708785 | I11: =TDIST(ABS(H11),B11-2,2) -> 5.4915611e-08 | J11: =IF(I11<0.001,"***",IF(I11<0.01,"**",IF(I11<alpha,"*","ns"))) -> *** | K11: 6 | L11: =INDEX($A$6:$A$16,MATCH(K11,$E$6:$E$16,0)) -> log10 body_weight | M11: =INDEX($C$6:$C$16,MATCH(K11,$E$6:$E$16,0)) -> -0.5328345 | N11: =INDEX($G$6:$G$16,MATCH(K11,$E$6:$E$16,0)) -> Strong
A12: danger_index | B12: =SUMPRODUCT(ISNUMBER(s_danger)*ISNUMBER(s_sleep)) -> 58 | C12: =CORREL(s_danger,s_sleep) -> -0.58774241 | D12: =ABS(C12) -> 0.58774241 | E12: =RANK(D12,$D$6:$D$16)+COUNTIF($D$5:D11,D12) -> 4 | F12: =IF(C12>0,"More sleep","Less sleep") -> Less sleep | G12: =IF(D12>=thr_vs,"Very strong",IF(D12>=thr_s,"Strong",IF(D12>=thr_m,"Moderate",IF(D12>=thr_w,"Weak","Negligible")))) -> Strong | H12: =C12*SQRT((B12-2)/(1-C12^2)) -> -5.4363409 | I12: =TDIST(ABS(H12),B12-2,2) -> 1.2304663e-06 | J12: =IF(I12<0.001,"***",IF(I12<0.01,"**",IF(I12<alpha,"*","ns"))) -> *** | K12: 7 | L12: =INDEX($A$6:$A$16,MATCH(K12,$E$6:$E$16,0)) -> log10 max_life_span | M12: =INDEX($C$6:$C$16,MATCH(K12,$E$6:$E$16,0)) -> -0.42994087 | N12: =INDEX($G$6:$G$16,MATCH(K12,$E$6:$E$16,0)) -> Moderate
A13: log10 body_weight | B13: =SUMPRODUCT(ISNUMBER(l_body)*ISNUMBER(s_sleep)) -> 58 | C13: =CORREL(l_body,s_sleep) -> -0.5328345 | D13: =ABS(C13) -> 0.5328345 | E13: =RANK(D13,$D$6:$D$16)+COUNTIF($D$5:D12,D13) -> 6 | F13: =IF(C13>0,"More sleep","Less sleep") -> Less sleep | G13: =IF(D13>=thr_vs,"Very strong",IF(D13>=thr_s,"Strong",IF(D13>=thr_m,"Moderate",IF(D13>=thr_w,"Weak","Negligible")))) -> Strong | H13: =C13*SQRT((B13-2)/(1-C13^2)) -> -4.7119789 | I13: =TDIST(ABS(H13),B13-2,2) -> 1.6639439e-05 | J13: =IF(I13<0.001,"***",IF(I13<0.01,"**",IF(I13<alpha,"*","ns"))) -> *** | K13: 8 | L13: =INDEX($A$6:$A$16,MATCH(K13,$E$6:$E$16,0)) -> max_life_span (years) | M13: =INDEX($C$6:$C$16,MATCH(K13,$E$6:$E$16,0)) -> -0.41020239 | N13: =INDEX($G$6:$G$16,MATCH(K13,$E$6:$E$16,0)) -> Moderate
A14: log10 brain_weight | B14: =SUMPRODUCT(ISNUMBER(l_brain)*ISNUMBER(s_sleep)) -> 58 | C14: =CORREL(l_brain,s_sleep) -> -0.56259577 | D14: =ABS(C14) -> 0.56259577 | E14: =RANK(D14,$D$6:$D$16)+COUNTIF($D$5:D13,D14) -> 5 | F14: =IF(C14>0,"More sleep","Less sleep") -> Less sleep | G14: =IF(D14>=thr_vs,"Very strong",IF(D14>=thr_s,"Strong",IF(D14>=thr_m,"Moderate",IF(D14>=thr_w,"Weak","Negligible")))) -> Strong | H14: =C14*SQRT((B14-2)/(1-C14^2)) -> -5.092437 | I14: =TDIST(ABS(H14),B14-2,2) -> 4.297493e-06 | J14: =IF(I14<0.001,"***",IF(I14<0.01,"**",IF(I14<alpha,"*","ns"))) -> *** | K14: 9 | L14: =INDEX($A$6:$A$16,MATCH(K14,$E$6:$E$16,0)) -> predation_index | M14: =INDEX($C$6:$C$16,MATCH(K14,$E$6:$E$16,0)) -> -0.39583497 | N14: =INDEX($G$6:$G$16,MATCH(K14,$E$6:$E$16,0)) -> Moderate
A15: log10 max_life_span | B15: =SUMPRODUCT(ISNUMBER(l_life)*ISNUMBER(s_sleep)) -> 54 | C15: =CORREL(l_life,s_sleep) -> -0.42994087 | D15: =ABS(C15) -> 0.42994087 | E15: =RANK(D15,$D$6:$D$16)+COUNTIF($D$5:D14,D15) -> 7 | F15: =IF(C15>0,"More sleep","Less sleep") -> Less sleep | G15: =IF(D15>=thr_vs,"Very strong",IF(D15>=thr_s,"Strong",IF(D15>=thr_m,"Moderate",IF(D15>=thr_w,"Weak","Negligible")))) -> Moderate | H15: =C15*SQRT((B15-2)/(1-C15^2)) -> -3.4339297 | I15: =TDIST(ABS(H15),B15-2,2) -> 0.0011758494 | J15: =IF(I15<0.001,"***",IF(I15<0.01,"**",IF(I15<alpha,"*","ns"))) -> ** | K15: 10 | L15: =INDEX($A$6:$A$16,MATCH(K15,$E$6:$E$16,0)) -> brain_weight (g) | M15: =INDEX($C$6:$C$16,MATCH(K15,$E$6:$E$16,0)) -> -0.35810203 | N15: =INDEX($G$6:$G$16,MATCH(K15,$E$6:$E$16,0)) -> Moderate
A16: log10 gestation_time | B16: =SUMPRODUCT(ISNUMBER(l_gest)*ISNUMBER(s_sleep)) -> 54 | C16: =CORREL(l_gest,s_sleep) -> -0.66365599 | D16: =ABS(C16) -> 0.66365599 | E16: =RANK(D16,$D$6:$D$16)+COUNTIF($D$5:D15,D16) -> 1 | F16: =IF(C16>0,"More sleep","Less sleep") -> Less sleep | G16: =IF(D16>=thr_vs,"Very strong",IF(D16>=thr_s,"Strong",IF(D16>=thr_m,"Moderate",IF(D16>=thr_w,"Weak","Negligible")))) -> Strong | H16: =C16*SQRT((B16-2)/(1-C16^2)) -> -6.3976588 | I16: =TDIST(ABS(H16),B16-2,2) -> 4.5106511e-08 | J16: =IF(I16<0.001,"***",IF(I16<0.01,"**",IF(I16<alpha,"*","ns"))) -> *** | K16: 11 | L16: =INDEX($A$6:$A$16,MATCH(K16,$E$6:$E$16,0)) -> body_weight (kg) | M16: =INDEX($C$6:$C$16,MATCH(K16,$E$6:$E$16,0)) -> -0.30718591 | N16: =INDEX($G$6:$G$16,MATCH(K16,$E$6:$E$16,0)) -> Moderate
A18: Correlation matrix (pairwise) - check predictors for overlap (multicollinearity)
B19: log10 body | C19: log10 brain | D19: log10 life span | E19: log10 gestation | F19: predation | G19: exposure | H19: danger | I19: total sleep
A20: log10 body | B20: =CORREL(l_body,l_body) -> 1 | C20: =CORREL(l_body,l_brain) -> 0.95957476 | D20: =CORREL(l_body,l_life) -> 0.71023356 | E20: =CORREL(l_body,l_gest) -> 0.73582005 | F20: =CORREL(l_body,s_pred) -> 0.12325054 | G20: =CORREL(l_body,s_expo) -> 0.6506388 | H20: =CORREL(l_body,s_danger) -> 0.32271242 | I20: =CORREL(l_body,s_sleep) -> -0.5328345
A21: log10 brain | B21: =CORREL(l_brain,l_body) -> 0.95957476 | C21: =CORREL(l_brain,l_brain) -> 1 | D21: =CORREL(l_brain,l_life) -> 0.79207017 | E21: =CORREL(l_brain,l_gest) -> 0.79480024 | F21: =CORREL(l_brain,s_pred) -> 0.083218784 | G21: =CORREL(l_brain,s_expo) -> 0.63274384 | H21: =CORREL(l_brain,s_danger) -> 0.28803574 | I21: =CORREL(l_brain,s_sleep) -> -0.56259577
A22: log10 life span | B22: =CORREL(l_life,l_body) -> 0.71023356 | C22: =CORREL(l_life,l_brain) -> 0.79207017 | D22: =CORREL(l_life,l_life) -> 1 | E22: =CORREL(l_life,l_gest) -> 0.66116939 | F22: =CORREL(l_life,s_pred) -> -0.051685012 | G22: =CORREL(l_life,s_expo) -> 0.5215378 | H22: =CORREL(l_life,s_danger) -> 0.15482147 | I22: =CORREL(l_life,s_sleep) -> -0.42994087
A23: log10 gestation | B23: =CORREL(l_gest,l_body) -> 0.73582005 | C23: =CORREL(l_gest,l_brain) -> 0.79480024 | D23: =CORREL(l_gest,l_life) -> 0.66116939 | E23: =CORREL(l_gest,l_gest) -> 1 | F23: =CORREL(l_gest,s_pred) -> 0.15546799 | G23: =CORREL(l_gest,s_expo) -> 0.62853664 | H23: =CORREL(l_gest,s_danger) -> 0.36268484 | I23: =CORREL(l_gest,s_sleep) -> -0.66365599
A24: predation | B24: =CORREL(s_pred,l_body) -> 0.12325054 | C24: =CORREL(s_pred,l_brain) -> 0.083218784 | D24: =CORREL(s_pred,l_life) -> -0.051685012 | E24: =CORREL(s_pred,l_gest) -> 0.15546799 | F24: =CORREL(s_pred,s_pred) -> 1 | G24: =CORREL(s_pred,s_expo) -> 0.61824597 | H24: =CORREL(s_pred,s_danger) -> 0.91604245 | I24: =CORREL(s_pred,s_sleep) -> -0.39583497
A25: exposure | B25: =CORREL(s_expo,l_body) -> 0.6506388 | C25: =CORREL(s_expo,l_brain) -> 0.63274384 | D25: =CORREL(s_expo,l_life) -> 0.5215378 | E25: =CORREL(s_expo,l_gest) -> 0.62853664 | F25: =CORREL(s_expo,s_pred) -> 0.61824597 | G25: =CORREL(s_expo,s_expo) -> 1 | H25: =CORREL(s_expo,s_danger) -> 0.78720311 | I25: =CORREL(s_expo,s_sleep) -> -0.64228451
A26: danger | B26: =CORREL(s_danger,l_body) -> 0.32271242 | C26: =CORREL(s_danger,l_brain) -> 0.28803574 | D26: =CORREL(s_danger,l_life) -> 0.15482147 | E26: =CORREL(s_danger,l_gest) -> 0.36268484 | F26: =CORREL(s_danger,s_pred) -> 0.91604245 | G26: =CORREL(s_danger,s_expo) -> 0.78720311 | H26: =CORREL(s_danger,s_danger) -> 1 | I26: =CORREL(s_danger,s_sleep) -> -0.58774241
A27: total sleep | B27: =CORREL(s_sleep,l_body) -> -0.5328345 | C27: =CORREL(s_sleep,l_brain) -> -0.56259577 | D27: =CORREL(s_sleep,l_life) -> -0.42994087 | E27: =CORREL(s_sleep,l_gest) -> -0.66365599 | F27: =CORREL(s_sleep,s_pred) -> -0.39583497 | G27: =CORREL(s_sleep,s_expo) -> -0.64228451 | H27: =CORREL(s_sleep,s_danger) -> -0.58774241 | I27: =CORREL(s_sleep,s_sleep) -> 1
A29: Scatter plots use the complete cases (Model_Data) so every point has all values.

Sheet Group_Analysis
A1: Sleep by group: means, confidence intervals & one-way ANOVA
A4: Animals with sleep recorded | B4: =COUNTIFS(x_inc,1) -> 58
A5: Overall mean sleep (h/day) | B5: =AVERAGEIFS(s_sleep,x_inc,1) -> 10.532759
A7: Danger index (1 = low, 5 = high)
A8: Category | B8: Key | C8: Animals | D8: Mean sleep (h) | E8: Std dev | F8: Std error | G8: 95% CI +/- | H8: Lower 95% | I8: Upper 95% | J8: % of animals | K8: vs overall (h)
A9: Index 1 | B9: 1 | C9: =COUNTIFS(s_danger,$B9,x_inc,1) -> 18 | D9: =IF(C9=0,0,AVERAGEIFS(s_sleep,s_danger,$B9,x_inc,1)) -> 13.083333 | E9: =IF(C9<2,0,SQRT(MAX(0,(SUMIFS(x_sleepsq,s_danger,$B9,x_inc,1)-C9*D9^2)/(C9-1)))) -> 4.8197205 | F9: =IF(C9<2,0,E9/SQRT(C9)) -> 1.136019 | G9: =IF(C9<2,0,TINV(alpha,C9-1)*F9) -> 2.3967906 | H9: =D9-G9 -> 10.686543 | I9: =D9+G9 -> 15.480124 | J9: =IF(grp_n=0,0,C9/grp_n) -> 0.31034483 | K9: =D9-grand_mean -> 2.5505747
A10: Index 2 | B10: 2 | C10: =COUNTIFS(s_danger,$B10,x_inc,1) -> 14 | D10: =IF(C10=0,0,AVERAGEIFS(s_sleep,s_danger,$B10,x_inc,1)) -> 11.75 | E10: =IF(C10<2,0,SQRT(MAX(0,(SUMIFS(x_sleepsq,s_danger,$B10,x_inc,1)-C10*D10^2)/(C10-1)))) -> 2.8527315 | F10: =IF(C10<2,0,E10/SQRT(C10)) -> 0.76242456 | G10: =IF(C10<2,0,TINV(alpha,C10-1)*F10) -> 1.6471181 | H10: =D10-G10 -> 10.102882 | I10: =D10+G10 -> 13.397118 | J10: =IF(grp_n=0,0,C10/grp_n) -> 0.24137931 | K10: =D10-grand_mean -> 1.2172414
A11: Index 3 | B11: 3 | C11: =COUNTIFS(s_danger,$B11,x_inc,1) -> 10 | D11: =IF(C11=0,0,AVERAGEIFS(s_sleep,s_danger,$B11,x_inc,1)) -> 10.31 | E11: =IF(C11<2,0,SQRT(MAX(0,(SUMIFS(x_sleepsq,s_danger,$B11,x_inc,1)-C11*D11^2)/(C11-1)))) -> 4.417 | F11: =IF(C11<2,0,E11/SQRT(C11)) -> 1.396778 | G11: =IF(C11<2,0,TINV(alpha,C11-1)*F11) -> 3.1597314 | H11: =D11-G11 -> 7.1502686 | I11: =D11+G11 -> 13.469731 | J11: =IF(grp_n=0,0,C11/grp_n) -> 0.17241379 | K11: =D11-grand_mean -> -0.22275862
A12: Index 4 | B12: 4 | C12: =COUNTIFS(s_danger,$B12,x_inc,1) -> 9 | D12: =IF(C12=0,0,AVERAGEIFS(s_sleep,s_danger,$B12,x_inc,1)) -> 8.8111111 | E12: =IF(C12<2,0,SQRT(MAX(0,(SUMIFS(x_sleepsq,s_danger,$B12,x_inc,1)-C12*D12^2)/(C12-1)))) -> 2.5673159 | F12: =IF(C12<2,0,E12/SQRT(C12)) -> 0.85577198 | G12: =IF(C12<2,0,TINV(alpha,C12-1)*F12) -> 1.9734137 | H12: =D12-G12 -> 6.8376974 | I12: =D12+G12 -> 10.784525 | J12: =IF(grp_n=0,0,C12/grp_n) -> 0.15517241 | K12: =D12-grand_mean -> -1.7216475
A13: Index 5 | B13: 5 | C13: =COUNTIFS(s_danger,$B13,x_inc,1) -> 7 | D13: =IF(C13=0,0,AVERAGEIFS(s_sleep,s_danger,$B13,x_inc,1)) -> 4.0714286 | E13: =IF(C13<2,0,SQRT(MAX(0,(SUMIFS(x_sleepsq,s_danger,$B13,x_inc,1)-C13*D13^2)/(C13-1)))) -> 1.9746006 | F13: =IF(C13<2,0,E13/SQRT(C13)) -> 0.74632888 | G13: =IF(C13<2,0,TINV(alpha,C13-1)*F13) -> 1.826201 | H13: =D13-G13 -> 2.2452276 | I13: =D13+G13 -> 5.8976296 | J13: =IF(grp_n=0,0,C13/grp_n) -> 0.12068966 | K13: =D13-grand_mean -> -6.46133
A14: All animals | C14: =SUM(C9:C13) -> 58 | D14: =grand_mean -> 10.532759
A15: Between-group SS | C15: =SUMPRODUCT($C$9:$C$13,($D$9:$D$13-grand_mean)^2) -> 457.25558
A16: Within-group SS | C16: =SUMPRODUCT($C$9:$C$13-1,$E$9:$E$13^2) -> 752.41217
A17: df (between, within) | C17: =COUNTIF($C$9:$C$13,">0")-1 -> 4 | D17: =C14-COUNTIF($C$9:$C$13,">0") -> 53
A18: F statistic | C18: =IF(D17=0,0,(C15/C17)/(C16/D17)) -> 8.052284
A19: p-value (ANOVA) | C19: =FDIST(C18,C17,D17) -> 3.7799986e-05 | D19: =IF(C19<0.001,"*** significant",IF(C19<alpha,"* significant","not significant")) -> *** significant
A20: Eta-squared (effect size) | C20: =IF((C15+C16)=0,0,C15/(C15+C16)) -> 0.37800097 | D20: =IF(C20>=0.14,"large effect",IF(C20>=0.06,"medium effect","small effect")) -> large effect
A23: Predation index (1 = low, 5 = high)
A24: Category | B24: Key | C24: Animals | D24: Mean sleep (h) | E24: Std dev | F24: Std error | G24: 95% CI +/- | H24: Lower 95% | I24: Upper 95% | J24: % of animals | K24: vs overall (h)
A25: Index 1 | B25: 1 | C25: =COUNTIFS(s_pred,$B25,x_inc,1) -> 14 | D25: =IF(C25=0,0,AVERAGEIFS(s_sleep,s_pred,$B25,x_inc,1)) -> 12.05 | E25: =IF(C25<2,0,SQRT(MAX(0,(SUMIFS(x_sleepsq,s_pred,$B25,x_inc,1)-C25*D25^2)/(C25-1)))) -> 4.6022988 | F25: =IF(C25<2,0,E25/SQRT(C25)) -> 1.2300161 | G25: =IF(C25<2,0,TINV(alpha,C25-1)*F25) -> 2.6572882 | H25: =D25-G25 -> 9.3927118 | I25: =D25+G25 -> 14.707288 | J25: =IF(grp_n=0,0,C25/grp_n) -> 0.24137931 | K25: =D25-grand_mean -> 1.5172414
A26: Index 2 | B26: 2 | C26: =COUNTIFS(s_pred,$B26,x_inc,1) -> 15 | D26: =IF(C26=0,0,AVERAGEIFS(s_sleep,s_pred,$B26,x_inc,1)) -> 12.72 | E26: =IF(C26<2,0,SQRT(MAX(0,(SUMIFS(x_sleepsq,s_pred,$B26,x_inc,1)-C26*D26^2)/(C26-1)))) -> 3.931957 | F26: =IF(C26<2,0,E26/SQRT(C26)) -> 1.0152269 | G26: =IF(C26<2,0,TINV(alpha,C26-1)*F26) -> 2.1774452 | H26: =D26-G26 -> 10.542555 | I26: =D26+G26 -> 14.897445 | J26: =IF(grp_n=0,0,C26/grp_n) -> 0.25862069 | K26: =D26-grand_mean -> 2.1872414
A27: Index 3 | B27: 3 | C27: =COUNTIFS(s_pred,$B27,x_inc,1) -> 10 | D27: =IF(C27=0,0,AVERAGEIFS(s_sleep,s_pred,$B27,x_inc,1)) -> 9.12 | E27: =IF(C27<2,0,SQRT(MAX(0,(SUMIFS(x_sleepsq,s_pred,$B27,x_inc,1)-C27*D27^2)/(C27-1)))) -> 4.5256798 | F27: =IF(C27<2,0,E27/SQRT(C27)) -> 1.4311456 | G27: =IF(C27<2,0,TINV(alpha,C27-1)*F27) -> 3.2374763 | H27: =D27-G27 -> 5.8825237 | I27: =D27+G27 -> 12.357476 | J27: =IF(grp_n=0,0,C27/grp_n) -> 0.17241379 | K27: =D27-grand_mean -> -1.4127586
A28: Index 4 | B28: 4 | C28: =COUNTIFS(s_pred,$B28,x_inc,1) -> 7 | D28: =IF(C28=0,0,AVERAGEIFS(s_sleep,s_pred,$B28,x_inc,1)) -> 10.228571 | E28: =IF(C28<2,0,SQRT(MAX(0,(SUMIFS(x_sleepsq,s_pred,$B28,x_inc,1)-C28*D28^2)/(C28-1)))) -> 2.4376999 | F28: =IF(C28<2,0,E28/SQRT(C28)) -> 0.92136397 | G28: =IF(C28<2,0,TINV(alpha,C28-1)*F28) -> 2.2544964 | H28: =D28-G28 -> 7.974075 | I28: =D28+G28 -> 12.483068 | J28: =IF(grp_n=0,0,C28/grp_n) -> 0.12068966 | K28: =D28-grand_mean -> -0.30418719
A29: Index 5 | B29: 5 | C29: =COUNTIFS(s_pred,$B29,x_inc,1) -> 12 | D29: =IF(C29=0,0,AVERAGEIFS(s_sleep,s_pred,$B29,x_inc,1)) -> 7.3833333 | E29: =IF(C29<2,0,SQRT(MAX(0,(SUMIFS(x_sleepsq,s_pred,$B29,x_inc,1)-C29*D29^2)/(C29-1)))) -> 4.8077274 | F29: =IF(C29<2,0,E29/SQRT(C29)) -> 1.3878713 | G29: =IF(C29<2,0,TINV(alpha,C29-1)*F29) -> 3.0546842 | H29: =D29-G29 -> 4.3286491 | I29: =D29+G29 -> 10.438018 | J29: =IF(grp_n=0,0,C29/grp_n) -> 0.20689655 | K29: =D29-grand_mean -> -3.1494253
A30: All animals | C30: =SUM(C25:C29) -> 58 | D30: =grand_mean -> 10.532759
A31: Between-group SS | C31: =SUMPRODUCT($C$25:$C$29,($D$25:$D$29-grand_mean)^2) -> 243.62181
A32: Within-group SS | C32: =SUMPRODUCT($C$25:$C$29-1,$E$25:$E$29^2) -> 966.04595
A33: df (between, within) | C33: =COUNTIF($C$25:$C$29,">0")-1 -> 4 | D33: =C30-COUNTIF($C$25:$C$29,">0") -> 53
A34: F statistic | C34: =IF(D33=0,0,(C31/C33)/(C32/D33)) -> 3.3414445
A35: p-value (ANOVA) | C35: =FDIST(C34,C33,D33) -> 0.016355813 | D35: =IF(C35<0.001,"*** significant",IF(C35<alpha,"* significant","not significant")) -> * significant
A36: Eta-squared (effect size) | C36: =IF((C31+C32)=0,0,C31/(C31+C32)) -> 0.20139563 | D36: =IF(C36>=0.14,"large effect",IF(C36>=0.06,"medium effect","small effect")) -> large effect
A39: Sleep exposure index (1 = well protected, 5 = exposed)
A40: Category | B40: Key | C40: Animals | D40: Mean sleep (h) | E40: Std dev | F40: Std error | G40: 95% CI +/- | H40: Lower 95% | I40: Upper 95% | J40: % of animals | K40: vs overall (h)
A41: Index 1 | B41: 1 | C41: =COUNTIFS(s_expo,$B41,x_inc,1) -> 26 | D41: =IF(C41=0,0,AVERAGEIFS(s_sleep,s_expo,$B41,x_inc,1)) -> 12.946154 | E41: =IF(C41<2,0,SQRT(MAX(0,(SUMIFS(x_sleepsq,s_expo,$B41,x_inc,1)-C41*D41^2)/(C41-1)))) -> 3.9941188 | F41: =IF(C41<2,0,E41/SQRT(C41)) -> 0.78331113 | G41: =IF(C41<2,0,TINV(alpha,C41-1)*F41) -> 1.6132595 | H41: =D41-G41 -> 11.332894 | I41: =D41+G41 -> 14.559413 | J41: =IF(grp_n=0,0,C41/grp_n) -> 0.44827586 | K41: =D41-grand_mean -> 2.4133952
A42: Index 2 | B42: 2 | C42: =COUNTIFS(s_expo,$B42,x_inc,1) -> 13 | D42: =IF(C42=0,0,AVERAGEIFS(s_sleep,s_expo,$B42,x_inc,1)) -> 11.115385 | E42: =IF(C42<2,0,SQRT(MAX(0,(SUMIFS(x_sleepsq,s_expo,$B42,x_inc,1)-C42*D42^2)/(C42-1)))) -> 3.9570288 | F42: =IF(C42<2,0,E42/SQRT(C42)) -> 1.0974823 | G42: =IF(C42<2,0,TINV(alpha,C42-1)*F42) -> 2.3912086 | H42: =D42-G42 -> 8.724176 | I42: =D42+G42 -> 13.506593 | J42: =IF(grp_n=0,0,C42/grp_n) -> 0.22413793 | K42: =D42-grand_mean -> 0.58262599
A43: Index 3 | B43: 3 | C43: =COUNTIFS(s_expo,$B43,x_inc,1) -> 4 | D43: =IF(C43=0,0,AVERAGEIFS(s_sleep,s_expo,$B43,x_inc,1)) -> 8.575 | E43: =IF(C43<2,0,SQRT(MAX(0,(SUMIFS(x_sleepsq,s_expo,$B43,x_inc,1)-C43*D43^2)/(C43-1)))) -> 1.8080837 | F43: =IF(C43<2,0,E43/SQRT(C43)) -> 0.90404185 | G43: =IF(C43<2,0,TINV(alpha,C43-1)*F43) -> 2.8770646 | H43: =D43-G43 -> 5.6979354 | I43: =D43+G43 -> 11.452065 | J43: =IF(grp_n=0,0,C43/grp_n) -> 0.068965517 | K43: =D43-grand_mean -> -1.9577586
A44: Index 4 | B44: 4 | C44: =COUNTIFS(s_expo,$B44,x_inc,1) -> 5 | D44: =IF(C44=0,0,AVERAGEIFS(s_sleep,s_expo,$B44,x_inc,1)) -> 10.72 | E44: =IF(C44<2,0,SQRT(MAX(0,(SUMIFS(x_sleepsq,s_expo,$B44,x_inc,1)-C44*D44^2)/(C44-1)))) -> 1.6634302 | F44: =IF(C44<2,0,E44/SQRT(C44)) -> 0.7439086 | G44: =IF(C44<2,0,TINV(alpha,C44-1)*F44) -> 2.0654214 | H44: =D44-G44 -> 8.6545786 | I44: =D44+G44 -> 12.785421 | J44: =IF(grp_n=0,0,C44/grp_n) -> 0.086206897 | K44: =D44-grand_mean -> 0.18724138
A45: Index 5 | B45: 5 | C45: =COUNTIFS(s_expo,$B45,x_inc,1) -> 10 | D45: =IF(C45=0,0,AVERAGEIFS(s_sleep,s_expo,$B45,x_inc,1)) -> 4.19 | E45: =IF(C45<2,0,SQRT(MAX(0,(SUMIFS(x_sleepsq,s_expo,$B45,x_inc,1)-C45*D45^2)/(C45-1)))) -> 1.7766698 | F45: =IF(C45<2,0,E45/SQRT(C45)) -> 0.56183232 | G45: =IF(C45<2,0,TINV(alpha,C45-1)*F45) -> 1.270953 | H45: =D45-G45 -> 2.919047 | I45: =D45+G45 -> 5.460953 | J45: =IF(grp_n=0,0,C45/grp_n) -> 0.17241379 | K45: =D45-grand_mean -> -6.3427586
A46: All animals | C46: =SUM(C41:C45) -> 58 | D46: =grand_mean -> 10.532759
A47: Between-group SS | C47: =SUMPRODUCT($C$41:$C$45,($D$41:$D$45-grand_mean)^2) -> 573.66172
A48: Within-group SS | C48: =SUMPRODUCT($C$41:$C$45-1,$E$41:$E$45^2) -> 636.00604
A49: df (between, within) | C49: =COUNTIF($C$41:$C$45,">0")-1 -> 4 | D49: =C46-COUNTIF($C$41:$C$45,">0") -> 53
A50: F statistic | C50: =IF(D49=0,0,(C47/C49)/(C48/D49)) -> 11.951172
A51: p-value (ANOVA) | C51: =FDIST(C50,C49,D49) -> 5.4145029e-07 | D51: =IF(C51<0.001,"*** significant",IF(C51<alpha,"* significant","not significant")) -> *** significant
A52: Eta-squared (effect size) | C52: =IF((C47+C48)=0,0,C47/(C47+C48)) -> 0.47423081 | D52: =IF(C52>=0.14,"large effect",IF(C52>=0.06,"medium effect","small effect")) -> large effect
A55: Body-size class
A56: Category | B56: Key | C56: Animals | D56: Mean sleep (h) | E56: Std dev | F56: Std error | G56: 95% CI +/- | H56: Lower 95% | I56: Upper 95% | J56: % of animals | K56: vs overall (h)
A57: =Settings!$C$23 -> Tiny (<1 kg) | B57: =A57 -> Tiny (<1 kg) | C57: =COUNTIFS(g_size,$B57,x_inc,1) -> 20 | D57: =IF(C57=0,0,AVERAGEIFS(s_sleep,g_size,$B57,x_inc,1)) -> 12.94 | E57: =IF(C57<2,0,SQRT(MAX(0,(SUMIFS(x_sleepsq,g_size,$B57,x_inc,1)-C57*D57^2)/(C57-1)))) -> 3.5528195 | F57: =IF(C57<2,0,E57/SQRT(C57)) -> 0.79443459 | G57: =IF(C57<2,0,TINV(alpha,C57-1)*F57) -> 1.6627707 | H57: =D57-G57 -> 11.277229 | I57: =D57+G57 -> 14.602771 | J57: =IF(grp_n=0,0,C57/grp_n) -> 0.34482759 | K57: =D57-grand_mean -> 2.4072414
A58: =Settings!$C$24 -> Small (1-10 kg) | B58: =A58 -> Small (1-10 kg) | C58: =COUNTIFS(g_size,$B58,x_inc,1) -> 19 | D58: =IF(C58=0,0,AVERAGEIFS(s_sleep,g_size,$B58,x_inc,1)) -> 11.142105 | E58: =IF(C58<2,0,SQRT(MAX(0,(SUMIFS(x_sleepsq,g_size,$B58,x_inc,1)-C58*D58^2)/(C58-1)))) -> 4.2429439 | F58: =IF(C58<2,0,E58/SQRT(C58)) -> 0.97339809 | G58: =IF(C58<2,0,TINV(alpha,C58-1)*F58) -> 2.0450335 | H58: =D58-G58 -> 9.0970718 | I58: =D58+G58 -> 13.187139 | J58: =IF(grp_n=0,0,C58/grp_n) -> 0.32758621 | K58: =D58-grand_mean -> 0.60934664
A59: =Settings!$C$25 -> Medium (10-100 kg) | B59: =A59 -> Medium (10-100 kg) | C59: =COUNTIFS(g_size,$B59,x_inc,1) -> 10 | D59: =IF(C59=0,0,AVERAGEIFS(s_sleep,g_size,$B59,x_inc,1)) -> 8.59 | E59: =IF(C59<2,0,SQRT(MAX(0,(SUMIFS(x_sleepsq,g_size,$B59,x_inc,1)-C59*D59^2)/(C59-1)))) -> 4.7813178 | F59: =IF(C59<2,0,E59/SQRT(C59)) -> 1.5119854 | G59: =IF(C59<2,0,TINV(alpha,C59-1)*F59) -> 3.4203487 | H59: =D59-G59 -> 5.1696513 | I59: =D59+G59 -> 12.010349 | J59: =IF(grp_n=0,0,C59/grp_n) -> 0.17241379 | K59: =D59-grand_mean -> -1.9427586
A60: =Settings!$C$26 -> Large (100+ kg) | B60: =A60 -> Large (100+ kg) | C60: =COUNTIFS(g_size,$B60,x_inc,1) -> 9 | D60: =IF(C60=0,0,AVERAGEIFS(s_sleep,g_size,$B60,x_inc,1)) -> 6.0555556 | E60: =IF(C60<2,0,SQRT(MAX(0,(SUMIFS(x_sleepsq,g_size,$B60,x_inc,1)-C60*D60^2)/(C60-1)))) -> 3.5167851 | F60: =IF(C60<2,0,E60/SQRT(C60)) -> 1.1722617 | G60: =IF(C60<2,0,TINV(alpha,C60-1)*F60) -> 2.7032404 | H60: =D60-G60 -> 3.3523152 | I60: =D60+G60 -> 8.7587959 | J60: =IF(grp_n=0,0,C60/grp_n) -> 0.15517241 | K60: =D60-grand_mean -> -4.4772031
A61: All animals | C61: =SUM(C57:C60) -> 58 | D61: =grand_mean -> 10.532759
A62: Between-group SS | C62: =SUMPRODUCT($C$57:$C$60,($D$57:$D$60-grand_mean)^2) -> 341.10222
A63: Within-group SS | C63: =SUMPRODUCT($C$57:$C$60-1,$E$57:$E$60^2) -> 868.56554
A64: df (between, within) | C64: =COUNTIF($C$57:$C$60,">0")-1 -> 3 | D64: =C61-COUNTIF($C$57:$C$60,">0") -> 54
A65: F statistic | C65: =IF(D64=0,0,(C62/C64)/(C63/D64)) -> 7.0689426
A66: p-value (ANOVA) | C66: =FDIST(C65,C64,D64) -> 0.00042999173 | D66: =IF(C66<0.001,"*** significant",IF(C66<alpha,"* significant","not significant")) -> *** significant
A67: Eta-squared (effect size) | C67: =IF((C62+C63)=0,0,C62/(C62+C63)) -> 0.28198009 | D67: =IF(C67>=0.14,"large effect",IF(C67>=0.06,"medium effect","small effect")) -> large effect
A70: Cross-tab: mean sleep (h) by danger group and body-size class
A71: Mean sleep | B71: key | C71: =Settings!$C$23 -> Tiny (<1 kg) | D71: =Settings!$C$24 -> Small (1-10 kg) | E71: =Settings!$C$25 -> Medium (10-100 kg) | F71: =Settings!$C$26 -> Large (100+ kg) | H71: Animals | I71: =Settings!$C$23 -> Tiny (<1 kg) | J71: =Settings!$C$24 -> Small (1-10 kg) | K71: =Settings!$C$25 -> Medium (10-100 kg) | L71: =Settings!$C$26 -> Large (100+ kg)
A72: column key | C72: =C71 -> Tiny (<1 kg) | D72: =D71 -> Small (1-10 kg) | E72: =E71 -> Medium (10-100 kg) | F72: =F71 -> Large (100+ kg)
A73: =Settings!$C$29 -> Low (1-2) | B73: =A73 -> Low (1-2) | C73: =IF(I73=0,"",AVERAGEIFS(s_sleep,g_danger,$B73,g_size,C$72,x_inc,1)) -> 12.9 | D73: =IF(J73=0,"",AVERAGEIFS(s_sleep,g_danger,$B73,g_size,D$72,x_inc,1)) -> 12.875 | E73: =IF(K73=0,"",AVERAGEIFS(s_sleep,g_danger,$B73,g_size,E$72,x_inc,1)) -> 11 | F73: =IF(L73=0,"",AVERAGEIFS(s_sleep,g_danger,$B73,g_size,F$72,x_inc,1)) -> 11.4 | H73: =A73 -> Low (1-2) | I73: =COUNTIFS(g_danger,$B73,g_size,C$72,x_inc,1) -> 13 | J73: =COUNTIFS(g_danger,$B73,g_size,D$72,x_inc,1) -> 12 | K73: =COUNTIFS(g_danger,$B73,g_size,E$72,x_inc,1) -> 5 | L73: =COUNTIFS(g_danger,$B73,g_size,F$72,x_inc,1) -> 2
A74: =Settings!$C$30 -> Moderate (3) | B74: =A74 -> Moderate (3) | C74: =IF(I74=0,"",AVERAGEIFS(s_sleep,g_danger,$B74,g_size,C$72,x_inc,1)) -> 13.9 | D74: =IF(J74=0,"",AVERAGEIFS(s_sleep,g_danger,$B74,g_size,D$72,x_inc,1)) -> 7.575 | E74: =IF(K74=0,"",AVERAGEIFS(s_sleep,g_danger,$B74,g_size,E$72,x_inc,1)) | F74: =IF(L74=0,"",AVERAGEIFS(s_sleep,g_danger,$B74,g_size,F$72,x_inc,1)) -> 3.3 | H74: =A74 -> Moderate (3) | I74: =COUNTIFS(g_danger,$B74,g_size,C$72,x_inc,1) -> 5 | J74: =COUNTIFS(g_danger,$B74,g_size,D$72,x_inc,1) -> 4 | K74: =COUNTIFS(g_danger,$B74,g_size,E$72,x_inc,1) -> 0 | L74: =COUNTIFS(g_danger,$B74,g_size,F$72,x_inc,1) -> 1
A75: =Settings!$C$31 -> High (4-5) | B75: =A75 -> High (4-5) | C75: =IF(I75=0,"",AVERAGEIFS(s_sleep,g_danger,$B75,g_size,C$72,x_inc,1)) -> 10.8 | D75: =IF(J75=0,"",AVERAGEIFS(s_sleep,g_danger,$B75,g_size,D$72,x_inc,1)) -> 8.9666667 | E75: =IF(K75=0,"",AVERAGEIFS(s_sleep,g_danger,$B75,g_size,E$72,x_inc,1)) -> 6.18 | F75: =IF(L75=0,"",AVERAGEIFS(s_sleep,g_danger,$B75,g_size,F$72,x_inc,1)) -> 4.7333333 | H75: =A75 -> High (4-5) | I75: =COUNTIFS(g_danger,$B75,g_size,C$72,x_inc,1) -> 2 | J75: =COUNTIFS(g_danger,$B75,g_size,D$72,x_inc,1) -> 3 | K75: =COUNTIFS(g_danger,$B75,g_size,E$72,x_inc,1) -> 5 | L75: =COUNTIFS(g_danger,$B75,g_size,F$72,x_inc,1) -> 6
A77: Colour: red = least sleep, green = most. Blank = no animals in that cell. Small cells (n < 5) are indicative only.

Sheet Regression
A1: Multiple regression (LINEST): what predicts hours of sleep?
A4: Model statistics
A5: R-squared | B5: =INDEX(LINEST(md_y,md_X,TRUE(),TRUE()),3,1) -> 0.66873775
A6: Std error of estimate (hours) | B6: =INDEX(LINEST(md_y,md_X,TRUE(),TRUE()),3,2) -> 2.80794
A7: F-statistic | B7: =INDEX(LINEST(md_y,md_X,TRUE(),TRUE()),4,1) -> 23.215697
A8: Residual degrees of freedom | B8: =INDEX(LINEST(md_y,md_X,TRUE(),TRUE()),4,2) -> 46
A9: Observations (complete cases) | B9: =m_df+5 -> 51
A10: Adjusted R-squared | B10: =1-(1-m_r2)*(m_n-1)/m_df -> 0.63993234
A11: p-value of F-test | B11: =FDIST(m_F,4,m_df) -> 1.5076287e-10
A12: Std dev of sleep (y) | B12: =STDEV(md_y) -> 4.6794603
A14: Coefficients
A15: Predictor | B15: Reads as | C15: Mean (x) | D15: Std dev (x) | E15: Coefficient | F15: Std error | G15: t-stat | H15: p-value | I15: Sig. | J15: Lower 95% | K15: Upper 95% | L15: Standardised beta | M15: Importance rank
A16: log10 body weight (kg) | B16: =IF(E16<0,"More = less sleep","More = more sleep")&IF(I16="ns"," (not significant)","") -> More = less sleep (not significant) | C16: =AVERAGE(Model_Data!$D$2:$D$52) -> 0.5708948 | D16: =STDEV(Model_Data!$D$2:$D$52) -> 1.3784241 | E16: =INDEX(LINEST(md_y,md_X,TRUE(),TRUE()),1,4) -> -0.95897181 | F16: =INDEX(LINEST(md_y,md_X,TRUE(),TRUE()),2,4) -> 0.48540597 | G16: =E16/F16 -> -1.9756078 | H16: =TDIST(ABS(G16),m_df,2) -> 0.054216158 | I16: =IF(H16<0.001,"***",IF(H16<0.01,"**",IF(H16<alpha,"*","ns"))) -> ns | J16: =E16-TINV(alpha,m_df)*F16 -> -1.9360433 | K16: =E16+TINV(alpha,m_df)*F16 -> 0.01809972 | L16: =E16*D16/m_sdy -> -0.28248339 | M16: =RANK(ABS(L16),$N$16:$N$19) -> 3 | N16: =ABS(L16) -> 0.28248339
A17: log10 max life span (years) | B17: =IF(E17<0,"More = less sleep","More = more sleep")&IF(I17="ns"," (not significant)","") -> More = more sleep (not significant) | C17: =AVERAGE(Model_Data!$E$2:$E$52) -> 1.1225473 | D17: =STDEV(Model_Data!$E$2:$E$52) -> 0.41991383 | E17: =INDEX(LINEST(md_y,md_X,TRUE(),TRUE()),1,3) -> 0.99123168 | F17: =INDEX(LINEST(md_y,md_X,TRUE(),TRUE()),2,3) -> 1.4642523 | G17: =E17/F17 -> 0.67695417 | H17: =TDIST(ABS(G17),m_df,2) -> 0.50182532 | I17: =IF(H17<0.001,"***",IF(H17<0.01,"**",IF(H17<alpha,"*","ns"))) -> ns | J17: =E17-TINV(alpha,m_df)*F17 -> -1.9561553 | K17: =E17+TINV(alpha,m_df)*F17 -> 3.9386186 | L17: =E17*D17/m_sdy -> 0.088948694 | M17: =RANK(ABS(L17),$N$16:$N$19) -> 4 | N17: =ABS(L17) -> 0.088948694
A18: log10 gestation time (days) | B18: =IF(E18<0,"More = less sleep","More = more sleep")&IF(I18="ns"," (not significant)","") -> More = less sleep | C18: =AVERAGE(Model_Data!$F$2:$F$52) -> 1.9426078 | D18: =STDEV(Model_Data!$F$2:$F$52) -> 0.45298686 | E18: =INDEX(LINEST(md_y,md_X,TRUE(),TRUE()),1,2) -> -3.8062755 | F18: =INDEX(LINEST(md_y,md_X,TRUE(),TRUE()),2,2) -> 1.386493 | G18: =E18/F18 -> -2.7452541 | H18: =TDIST(ABS(G18),m_df,2) -> 0.0085970872 | I18: =IF(H18<0.001,"***",IF(H18<0.01,"**",IF(H18<alpha,"*","ns"))) -> ** | J18: =E18-TINV(alpha,m_df)*F18 -> -6.5971411 | K18: =E18+TINV(alpha,m_df)*F18 -> -1.0154099 | L18: =E18*D18/m_sdy -> -0.36845975 | M18: =RANK(ABS(L18),$N$16:$N$19) -> 2 | N18: =ABS(L18) -> 0.36845975
A19: danger index (1-5) | B19: =IF(E19<0,"More = less sleep","More = more sleep")&IF(I19="ns"," (not significant)","") -> More = less sleep | C19: =AVERAGE(Model_Data!$G$2:$G$52) -> 2.627451 | D19: =STDEV(Model_Data!$G$2:$G$52) -> 1.4277365 | E19: =INDEX(LINEST(md_y,md_X,TRUE(),TRUE()),1,1) -> -1.5032569 | F19: =INDEX(LINEST(md_y,md_X,TRUE(),TRUE()),2,1) -> 0.29705695 | G19: =E19/F19 -> -5.0605006 | H19: =TDIST(ABS(G19),m_df,2) -> 7.1731137e-06 | I19: =IF(H19<0.001,"***",IF(H19<0.01,"**",IF(H19<alpha,"*","ns"))) -> *** | J19: =E19-TINV(alpha,m_df)*F19 -> -2.1012015 | K19: =E19+TINV(alpha,m_df)*F19 -> -0.90531226 | L19: =E19*D19/m_sdy -> -0.45865431 | M19: =RANK(ABS(L19),$N$16:$N$19) -> 1 | N19: =ABS(L19) -> 0.45865431
A20: Intercept | B20: Predicted sleep when all predictors = 0 | E20: =INDEX(LINEST(md_y,md_X,TRUE(),TRUE()),1,5) -> 21.127621 | F20: =INDEX(LINEST(md_y,md_X,TRUE(),TRUE()),2,5) -> 2.5176563 | G20: =E20/F20 -> 8.3917816 | H20: =TDIST(ABS(G20),m_df,2) -> 7.8751506e-11 | I20: =IF(H20<0.001,"***",IF(H20<0.01,"**",IF(H20<alpha,"*","ns"))) -> *** | J20: =E20-TINV(alpha,m_df)*F20 -> 16.059842 | K20: =E20+TINV(alpha,m_df)*F20 -> 26.195401
A21: Chart helper: |std beta| in column N
A22: Model vector (feeds Model_Data predictions and Sleep_Predictor)
A23: Coefficients in Model_Data column order -> | B23: =E16 -> -0.95897181 | C23: =E17 -> 0.99123168 | D23: =E18 -> -3.8062755 | E23: =E19 -> -1.5032569
A24: Intercept | B24: =E20 -> 21.127621
A27: Plain-English reading (updates with the data)
A28: ="Each 10-fold increase in body weight is associated with "&TEXT(ABS(E16),"0.0")&" "&IF(E16<0,"fewer","more")&" hours of sleep, holding the other predictors constant ("&I16&")." -> Each 10-fold increase in body weight is associated with 1.0 fewer hours of sleep, holding the other predictors constant (ns).
A29: ="Each 10-fold increase in life span is associated with "&TEXT(ABS(E17),"0.0")&" "&IF(E17<0,"fewer","more")&" hours of sleep ("&I17&")." -> Each 10-fold increase in life span is associated with 1.0 more hours of sleep (ns).
A30: ="Each 10-fold increase in gestation time is associated with "&TEXT(ABS(E18),"0.0")&" "&IF(E18<0,"fewer","more")&" hours of sleep ("&I18&")." -> Each 10-fold increase in gestation time is associated with 3.8 fewer hours of sleep (**).
A31: ="Each 1-point rise in danger index is associated with "&TEXT(ABS(E19),"0.0")&" "&IF(E19<0,"fewer","more")&" hours of sleep ("&I19&")." -> Each 1-point rise in danger index is associated with 1.5 fewer hours of sleep (***).
A32: ="Together the four predictors explain "&TEXT(m_r2,"0%")&" of the variation in sleep (adjusted "&TEXT(m_adjr2,"0%")&", n = "&m_n&")." -> Together the four predictors explain 67% of the variation in sleep (adjusted 64%, n = 51).

Sheet Sleep_Predictor
A1: Sleep predictor: estimate hours of sleep for a hypothetical mammal
A2: Enter values in the yellow cells. Uses the Regression sheet coefficients.
A4: Input | B4: Value | C4: Observed min | D4: Observed max
A5: Body weight (kg) | B5: 3 | C5: =MIN(s_body) -> 0.005 | D5: =MAX(s_body) -> 6654
A6: Maximum life span (years) | B6: 15 | C6: =MIN(s_life) -> 2 | D6: =MAX(s_life) -> 100
A7: Gestation time (days) | B7: 80 | C7: =MIN(s_gest) -> 12 | D7: =MAX(s_gest) -> 645
A8: Danger index (1-5) | B8: 3 | C8: =MIN(s_danger) -> 1 | D8: =MAX(s_danger) -> 5
A10: Predicted sleep (hours / day) | B10: =MAX(0,MIN(24,m_intercept+INDEX(m_coef,1,1)*LOG10(p_w)+INDEX(m_coef,1,2)*LOG10(p_l)+INDEX(m_coef,1,3)*LOG10(p_g)+INDEX(m_coef,1,4)*p_d)) -> 10.082399
A11: Approx. 95% prediction interval | B11: =TEXT(MAX(0,B10-TINV(alpha,m_df)*m_se*SQRT(1+1/m_n)),"0.0")&" to "&TEXT(MIN(24,B10+TINV(alpha,m_df)*m_se*SQRT(1+1/m_n)),"0.0")&" h" -> 4.4 to 15.8 h
A12: Average sleep in dataset | B12: =grand_mean -> 10.532759
A13: Typical sleep for this danger index | B13: =IFERROR(AVERAGEIFS(s_sleep,s_danger,p_d,x_inc,1),"") -> 10.31
A14: Input check | B14: =IF(OR(p_w<C5,p_w>D5,p_l<C6,p_l>D6,p_g<C7,p_g>D7),"Warning: an input is outside the observed range - extrapolation","Inputs within observed range") -> Inputs within observed range

Sheet Dashboard
B1: Mammal Sleep Patterns - Interactive Dashboard
B2: ="Showing "&TEXT(kf_n,"#,##0")&" of "&TEXT(grp_n,"#,##0")&" animals with sleep recorded ("&TEXT(IF(grp_n=0,0,kf_n/grp_n),"0%")&")" -> Showing 58 of 58 animals with sleep recorded (100%)
B5: Danger index | E5: Predation index | H5: Exposure index | K5: Body-size class
B6: All | E6: All | H6: All | K6: All
B9: ANIMALS | D9: AVG SLEEP (H/DAY) | F9: VS OVERALL (H) | H9: SHORT SLEEPERS | J9: AVG GESTATION (D) | L9: AVG LIFE SPAN (Y)
B10: =kf_n -> 58 | D10: =kf_sleep -> 10.532759 | F10: =kf_delta -> 0 | H10: =kf_short -> 0.24137931 | J10: =kf_gest -> 136.02778 | L10: =kf_life -> 19.851852
B11: ="of "&grp_n&" with sleep data" -> of 58 with sleep data | D11: ="overall "&TEXT(grand_mean,"0.0")&" h" -> overall 10.5 h | F11: ="hours per day" -> hours per day | H11: ="sleep under "&INDEX(sleep_lo,2)&" h" -> sleep under 8 h | J11: ="days" -> days | L11: ="years" -> years
B13: ="> Sleep falls as danger rises (all animals): "&TEXT(Group_Analysis!D9,"0.0")&" h at danger 1 vs "&TEXT(Group_Analysis!D13,"0.0")&" h at danger 5 (ANOVA p = "&TEXT(Group_Analysis!C19,"0.0000")&")." -> > Sleep falls as danger rises (all animals): 13.1 h at danger 1 vs 4.1 h at danger 5 (ANOVA p = 0.0000).
B14: ="> Strongest single correlate of sleep: "&Correlation!L6&" (r = "&TEXT(Correlation!M6,"0.00")&", "&LOWER(Correlation!N6)&")." -> > Strongest single correlate of sleep: log10 gestation_time (r = -0.66, strong).
B15: ="> Regression on 4 predictors explains "&TEXT(m_r2,"0%")&" of sleep variation (n = "&m_n&" complete cases)." -> > Regression on 4 predictors explains 67% of sleep variation (n = 51 complete cases).

Sheet Dash_Calc
A1: Dashboard calculation engine (live formulas)
A2: Dropdown selections become COUNTIFS criteria ("*" and ">=0" mean All).
A3: Filter criteria
A4: Danger index | B4: =IF(Dashboard!$B$6="All",">=0",Dashboard!$B$6) -> >=0
A5: Predation index | B5: =IF(Dashboard!$E$6="All",">=0",Dashboard!$E$6) -> >=0
A6: Exposure index | B6: =IF(Dashboard!$H$6="All",">=0",Dashboard!$H$6) -> >=0
A7: Body size | B7: =IF(Dashboard!$K$6="All","*",Dashboard!$K$6) -> *
A9: KPIs for current selection
A10: Animals in view | B10: =COUNTIFS(x_inc,1,s_danger,dc_danger,s_pred,dc_pred,s_expo,dc_expo,g_size,dc_size) -> 58
A11: Average sleep (h/day) | B11: =IFERROR(AVERAGEIFS(s_sleep,x_inc,1,s_danger,dc_danger,s_pred,dc_pred,s_expo,dc_expo,g_size,dc_size),0) -> 10.532759
A12: Difference vs overall (h) | B12: =IF(kf_n=0,0,kf_sleep-grand_mean) -> 0
A13: Share of short sleepers | B13: =IF(kf_n=0,0,COUNTIFS(x_inc,1,s_danger,dc_danger,s_pred,dc_pred,s_expo,dc_expo,g_size,dc_size,g_sleep,INDEX(sleep_lbl,1))/kf_n) -> 0.24137931
A14: Average gestation (days) | B14: =IFERROR(AVERAGEIFS(s_gest,x_inc,1,s_danger,dc_danger,s_pred,dc_pred,s_expo,dc_expo,g_size,dc_size),0) -> 136.02778
A15: Average life span (years) | B15: =IFERROR(AVERAGEIFS(s_life,x_inc,1,s_danger,dc_danger,s_pred,dc_pred,s_expo,dc_expo,g_size,dc_size),0) -> 19.851852
A18: By danger index
A19: Category | B19: Key | C19: Animals | D19: Avg sleep (h) | E19: % of view
A20: Index 1 | B20: 1 | C20: =COUNTIFS(x_inc,1,s_danger,dc_danger,s_pred,dc_pred,s_expo,dc_expo,g_size,dc_size,s_danger,$B20) -> 18 | D20: =IF(C20=0,0,AVERAGEIFS(s_sleep,x_inc,1,s_danger,dc_danger,s_pred,dc_pred,s_expo,dc_expo,g_size,dc_size,s_danger,$B20)) -> 13.083333 | E20: =IF(kf_n=0,0,C20/kf_n) -> 0.31034483
A21: Index 2 | B21: 2 | C21: =COUNTIFS(x_inc,1,s_danger,dc_danger,s_pred,dc_pred,s_expo,dc_expo,g_size,dc_size,s_danger,$B21) -> 14 | D21: =IF(C21=0,0,AVERAGEIFS(s_sleep,x_inc,1,s_danger,dc_danger,s_pred,dc_pred,s_expo,dc_expo,g_size,dc_size,s_danger,$B21)) -> 11.75 | E21: =IF(kf_n=0,0,C21/kf_n) -> 0.24137931
A22: Index 3 | B22: 3 | C22: =COUNTIFS(x_inc,1,s_danger,dc_danger,s_pred,dc_pred,s_expo,dc_expo,g_size,dc_size,s_danger,$B22) -> 10 | D22: =IF(C22=0,0,AVERAGEIFS(s_sleep,x_inc,1,s_danger,dc_danger,s_pred,dc_pred,s_expo,dc_expo,g_size,dc_size,s_danger,$B22)) -> 10.31 | E22: =IF(kf_n=0,0,C22/kf_n) -> 0.17241379
A23: Index 4 | B23: 4 | C23: =COUNTIFS(x_inc,1,s_danger,dc_danger,s_pred,dc_pred,s_expo,dc_expo,g_size,dc_size,s_danger,$B23) -> 9 | D23: =IF(C23=0,0,AVERAGEIFS(s_sleep,x_inc,1,s_danger,dc_danger,s_pred,dc_pred,s_expo,dc_expo,g_size,dc_size,s_danger,$B23)) -> 8.8111111 | E23: =IF(kf_n=0,0,C23/kf_n) -> 0.15517241
A24: Index 5 | B24: 5 | C24: =COUNTIFS(x_inc,1,s_danger,dc_danger,s_pred,dc_pred,s_expo,dc_expo,g_size,dc_size,s_danger,$B24) -> 7 | D24: =IF(C24=0,0,AVERAGEIFS(s_sleep,x_inc,1,s_danger,dc_danger,s_pred,dc_pred,s_expo,dc_expo,g_size,dc_size,s_danger,$B24)) -> 4.0714286 | E24: =IF(kf_n=0,0,C24/kf_n) -> 0.12068966
A27: By exposure index
A28: Category | B28: Key | C28: Animals | D28: Avg sleep (h) | E28: % of view
A29: Index 1 | B29: 1 | C29: =COUNTIFS(x_inc,1,s_danger,dc_danger,s_pred,dc_pred,s_expo,dc_expo,g_size,dc_size,s_expo,$B29) -> 26 | D29: =IF(C29=0,0,AVERAGEIFS(s_sleep,x_inc,1,s_danger,dc_danger,s_pred,dc_pred,s_expo,dc_expo,g_size,dc_size,s_expo,$B29)) -> 12.946154 | E29: =IF(kf_n=0,0,C29/kf_n) -> 0.44827586
A30: Index 2 | B30: 2 | C30: =COUNTIFS(x_inc,1,s_danger,dc_danger,s_pred,dc_pred,s_expo,dc_expo,g_size,dc_size,s_expo,$B30) -> 13 | D30: =IF(C30=0,0,AVERAGEIFS(s_sleep,x_inc,1,s_danger,dc_danger,s_pred,dc_pred,s_expo,dc_expo,g_size,dc_size,s_expo,$B30)) -> 11.115385 | E30: =IF(kf_n=0,0,C30/kf_n) -> 0.22413793
A31: Index 3 | B31: 3 | C31: =COUNTIFS(x_inc,1,s_danger,dc_danger,s_pred,dc_pred,s_expo,dc_expo,g_size,dc_size,s_expo,$B31) -> 4 | D31: =IF(C31=0,0,AVERAGEIFS(s_sleep,x_inc,1,s_danger,dc_danger,s_pred,dc_pred,s_expo,dc_expo,g_size,dc_size,s_expo,$B31)) -> 8.575 | E31: =IF(kf_n=0,0,C31/kf_n) -> 0.068965517
A32: Index 4 | B32: 4 | C32: =COUNTIFS(x_inc,1,s_danger,dc_danger,s_pred,dc_pred,s_expo,dc_expo,g_size,dc_size,s_expo,$B32) -> 5 | D32: =IF(C32=0,0,AVERAGEIFS(s_sleep,x_inc,1,s_danger,dc_danger,s_pred,dc_pred,s_expo,dc_expo,g_size,dc_size,s_expo,$B32)) -> 10.72 | E32: =IF(kf_n=0,0,C32/kf_n) -> 0.086206897
A33: Index 5 | B33: 5 | C33: =COUNTIFS(x_inc,1,s_danger,dc_danger,s_pred,dc_pred,s_expo,dc_expo,g_size,dc_size,s_expo,$B33) -> 10 | D33: =IF(C33=0,0,AVERAGEIFS(s_sleep,x_inc,1,s_danger,dc_danger,s_pred,dc_pred,s_expo,dc_expo,g_size,dc_size,s_expo,$B33)) -> 4.19 | E33: =IF(kf_n=0,0,C33/kf_n) -> 0.17241379
A36: By predation index
A37: Category | B37: Key | C37: Animals | D37: Avg sleep (h) | E37: % of view
A38: Index 1 | B38: 1 | C38: =COUNTIFS(x_inc,1,s_danger,dc_danger,s_pred,dc_pred,s_expo,dc_expo,g_size,dc_size,s_pred,$B38) -> 14 | D38: =IF(C38=0,0,AVERAGEIFS(s_sleep,x_inc,1,s_danger,dc_danger,s_pred,dc_pred,s_expo,dc_expo,g_size,dc_size,s_pred,$B38)) -> 12.05 | E38: =IF(kf_n=0,0,C38/kf_n) -> 0.24137931
A39: Index 2 | B39: 2 | C39: =COUNTIFS(x_inc,1,s_danger,dc_danger,s_pred,dc_pred,s_expo,dc_expo,g_size,dc_size,s_pred,$B39) -> 15 | D39: =IF(C39=0,0,AVERAGEIFS(s_sleep,x_inc,1,s_danger,dc_danger,s_pred,dc_pred,s_expo,dc_expo,g_size,dc_size,s_pred,$B39)) -> 12.72 | E39: =IF(kf_n=0,0,C39/kf_n) -> 0.25862069
A40: Index 3 | B40: 3 | C40: =COUNTIFS(x_inc,1,s_danger,dc_danger,s_pred,dc_pred,s_expo,dc_expo,g_size,dc_size,s_pred,$B40) -> 10 | D40: =IF(C40=0,0,AVERAGEIFS(s_sleep,x_inc,1,s_danger,dc_danger,s_pred,dc_pred,s_expo,dc_expo,g_size,dc_size,s_pred,$B40)) -> 9.12 | E40: =IF(kf_n=0,0,C40/kf_n) -> 0.17241379
A41: Index 4 | B41: 4 | C41: =COUNTIFS(x_inc,1,s_danger,dc_danger,s_pred,dc_pred,s_expo,dc_expo,g_size,dc_size,s_pred,$B41) -> 7 | D41: =IF(C41=0,0,AVERAGEIFS(s_sleep,x_inc,1,s_danger,dc_danger,s_pred,dc_pred,s_expo,dc_expo,g_size,dc_size,s_pred,$B41)) -> 10.228571 | E41: =IF(kf_n=0,0,C41/kf_n) -> 0.12068966
A42: Index 5 | B42: 5 | C42: =COUNTIFS(x_inc,1,s_danger,dc_danger,s_pred,dc_pred,s_expo,dc_expo,g_size,dc_size,s_pred,$B42) -> 12 | D42: =IF(C42=0,0,AVERAGEIFS(s_sleep,x_inc,1,s_danger,dc_danger,s_pred,dc_pred,s_expo,dc_expo,g_size,dc_size,s_pred,$B42)) -> 7.3833333 | E42: =IF(kf_n=0,0,C42/kf_n) -> 0.20689655
A45: By body-size class
A46: Category | B46: Key | C46: Animals | D46: Avg sleep (h) | E46: % of view
A47: =Settings!$C$23 -> Tiny (<1 kg) | B47: =A47 -> Tiny (<1 kg) | C47: =COUNTIFS(x_inc,1,s_danger,dc_danger,s_pred,dc_pred,s_expo,dc_expo,g_size,dc_size,g_size,$B47) -> 20 | D47: =IF(C47=0,0,AVERAGEIFS(s_sleep,x_inc,1,s_danger,dc_danger,s_pred,dc_pred,s_expo,dc_expo,g_size,dc_size,g_size,$B47)) -> 12.94 | E47: =IF(kf_n=0,0,C47/kf_n) -> 0.34482759
A48: =Settings!$C$24 -> Small (1-10 kg) | B48: =A48 -> Small (1-10 kg) | C48: =COUNTIFS(x_inc,1,s_danger,dc_danger,s_pred,dc_pred,s_expo,dc_expo,g_size,dc_size,g_size,$B48) -> 19 | D48: =IF(C48=0,0,AVERAGEIFS(s_sleep,x_inc,1,s_danger,dc_danger,s_pred,dc_pred,s_expo,dc_expo,g_size,dc_size,g_size,$B48)) -> 11.142105 | E48: =IF(kf_n=0,0,C48/kf_n) -> 0.32758621
A49: =Settings!$C$25 -> Medium (10-100 kg) | B49: =A49 -> Medium (10-100 kg) | C49: =COUNTIFS(x_inc,1,s_danger,dc_danger,s_pred,dc_pred,s_expo,dc_expo,g_size,dc_size,g_size,$B49) -> 10 | D49: =IF(C49=0,0,AVERAGEIFS(s_sleep,x_inc,1,s_danger,dc_danger,s_pred,dc_pred,s_expo,dc_expo,g_size,dc_size,g_size,$B49)) -> 8.59 | E49: =IF(kf_n=0,0,C49/kf_n) -> 0.17241379
A50: =Settings!$C$26 -> Large (100+ kg) | B50: =A50 -> Large (100+ kg) | C50: =COUNTIFS(x_inc,1,s_danger,dc_danger,s_pred,dc_pred,s_expo,dc_expo,g_size,dc_size,g_size,$B50) -> 9 | D50: =IF(C50=0,0,AVERAGEIFS(s_sleep,x_inc,1,s_danger,dc_danger,s_pred,dc_pred,s_expo,dc_expo,g_size,dc_size,g_size,$B50)) -> 6.0555556 | E50: =IF(kf_n=0,0,C50/kf_n) -> 0.15517241
A53: By sleep group
A54: Category | B54: Key | C54: Animals | D54: Avg sleep (h) | E54: % of view
A55: =Settings!$C$18 -> Short (<8h) | B55: =A55 -> Short (<8h) | C55: =COUNTIFS(x_inc,1,s_danger,dc_danger,s_pred,dc_pred,s_expo,dc_expo,g_size,dc_size,g_sleep,$B55) -> 14 | D55: =IF(C55=0,0,AVERAGEIFS(s_sleep,x_inc,1,s_danger,dc_danger,s_pred,dc_pred,s_expo,dc_expo,g_size,dc_size,g_sleep,$B55)) -> 4.5142857 | E55: =IF(kf_n=0,0,C55/kf_n) -> 0.24137931
A56: =Settings!$C$19 -> Medium (8-12h) | B56: =A56 -> Medium (8-12h) | C56: =COUNTIFS(x_inc,1,s_danger,dc_danger,s_pred,dc_pred,s_expo,dc_expo,g_size,dc_size,g_sleep,$B56) -> 22 | D56: =IF(C56=0,0,AVERAGEIFS(s_sleep,x_inc,1,s_danger,dc_danger,s_pred,dc_pred,s_expo,dc_expo,g_size,dc_size,g_sleep,$B56)) -> 9.6863636 | E56: =IF(kf_n=0,0,C56/kf_n) -> 0.37931034
A57: =Settings!$C$20 -> Long (12h+) | B57: =A57 -> Long (12h+) | C57: =COUNTIFS(x_inc,1,s_danger,dc_danger,s_pred,dc_pred,s_expo,dc_expo,g_size,dc_size,g_sleep,$B57) -> 22 | D57: =IF(C57=0,0,AVERAGEIFS(s_sleep,x_inc,1,s_danger,dc_danger,s_pred,dc_pred,s_expo,dc_expo,g_size,dc_size,g_sleep,$B57)) -> 15.209091 | E57: =IF(kf_n=0,0,C57/kf_n) -> 0.37931034
A60: Sleep histogram (2-hour bins)
A61: Bin | B61: From | C61: To | D61: Animals
A62: 2-4 h | B62: 2 | C62: 4 | D62: =COUNTIFS(x_inc,1,s_danger,dc_danger,s_pred,dc_pred,s_expo,dc_expo,g_size,dc_size,s_sleep,">="&B62,s_sleep,"<"&C62) -> 8
A63: 4-6 h | B63: 4 | C63: 6 | D63: =COUNTIFS(x_inc,1,s_danger,dc_danger,s_pred,dc_pred,s_expo,dc_expo,g_size,dc_size,s_sleep,">="&B63,s_sleep,"<"&C63) -> 2
A64: 6-8 h | B64: 6 | C64: 8 | D64: =COUNTIFS(x_inc,1,s_danger,dc_danger,s_pred,dc_pred,s_expo,dc_expo,g_size,dc_size,s_sleep,">="&B64,s_sleep,"<"&C64) -> 4
A65: 8-10 h | B65: 8 | C65: 10 | D65: =COUNTIFS(x_inc,1,s_danger,dc_danger,s_pred,dc_pred,s_expo,dc_expo,g_size,dc_size,s_sleep,">="&B65,s_sleep,"<"&C65) -> 12
A66: 10-12 h | B66: 10 | C66: 12 | D66: =COUNTIFS(x_inc,1,s_danger,dc_danger,s_pred,dc_pred,s_expo,dc_expo,g_size,dc_size,s_sleep,">="&B66,s_sleep,"<"&C66) -> 10
A67: 12-14 h | B67: 12 | C67: 14 | D67: =COUNTIFS(x_inc,1,s_danger,dc_danger,s_pred,dc_pred,s_expo,dc_expo,g_size,dc_size,s_sleep,">="&B67,s_sleep,"<"&C67) -> 11
A68: 14-16 h | B68: 14 | C68: 16 | D68: =COUNTIFS(x_inc,1,s_danger,dc_danger,s_pred,dc_pred,s_expo,dc_expo,g_size,dc_size,s_sleep,">="&B68,s_sleep,"<"&C68) -> 3
A69: 16-18 h | B69: 16 | C69: 18 | D69: =COUNTIFS(x_inc,1,s_danger,dc_danger,s_pred,dc_pred,s_expo,dc_expo,g_size,dc_size,s_sleep,">="&B69,s_sleep,"<"&C69) -> 3
A70: 18-20 h | B70: 18 | C70: 20.01 | D70: =COUNTIFS(x_inc,1,s_danger,dc_danger,s_pred,dc_pred,s_expo,dc_expo,g_size,dc_size,s_sleep,">="&B70,s_sleep,"<"&C70) -> 5
