Workbook

Sheet Assumptions
A1: Password Expiration Analysis - Assumptions & Inputs
A2: Blue text on yellow = input taken from the assignment instructions. Black = formula.
A4: General assumptions
A5: Guesses per second (hacker) | B5: 1000000 | C5: guesses/sec | D5: Given: 1 million passwords tested per second
A6: Hours per day | B6: 24 | C6: hours | D6: Given: hacker guesses 24 hours a day
A7: Days per week | B7: 7 | C7: days | D7: Given: hacker guesses 7 days a week (no downtime)
A8: Minutes per hour | B8: 60 | C8: min | D8: Standard time conversion
A9: Seconds per minute | B9: 60 | C9: sec | D9: Standard time conversion
A10: Expiration probability threshold | B10: 0.1 | C10: probability | D10: Given: expire when probability of being guessed >= 10%
A11: Minimum password length | B11: 1 | C11: characters | D11: Given: length of one to eight characters
A12: Maximum password length | B12: 8 | C12: characters | D12: Given: length of one to eight characters
A14: Derived values
A15: Seconds per day | B15: =B6*B8*B9 -> 86400 | C15: sec/day | D15: 24 x 60 x 60
A16: Guesses per day | B16: =B5*B15 -> 86400000000 | C16: guesses/day | D16: Guesses per second x seconds per day
A18: Character set sizes (m)
A19: Scenario 1: ASCII 1 to 127 inclusive
A20: Highest ASCII code | B20: 127
A21: Lowest ASCII code | B21: 1
A22: Scenario 1 character set size | B22: =B20-B21+1 -> 127 | D22: 127 - 1 + 1 = 127 characters
A23: Scenario 2: Alphanumeric
A24: Uppercase letters (A-Z) | B24: 26
A25: Lowercase letters (a-z) | B25: 26
A26: Digits (0-9) | B26: 10
A27: Scenario 2 character set size | B27: =B24+B25+B26 -> 62 | D27: 26 + 26 + 10 = 62 characters
A28: Scenario 3: Digits only
A29: Scenario 3 character set size | B29: 10 | D29: Digits 0-9 = 10 characters

Sheet Results
A1: Password Expiration Results
A2: Expire when: guesses made / total combinations >= 10%. Guesses to reach 10% = 10% x total combinations.
A4: Step | B4: Scenario 1 ASCII 1-127 | C4: Scenario 2 Alphanumeric | D4: Scenario 3 Digits only | E4: How it is calculated
A6: 1. Character set size (m) | B6: =Combinations!B5 -> 127 | C6: =Combinations!C5 -> 62 | D6: =Combinations!D5 -> 10 | E6: From Combinations sheet
A7: 2. Total possible passwords (lengths 1-8) | B7: =Combinations!B14 -> 6.8212339e+16 | C7: =Combinations!C14 -> 221919451578090 | D7: =Combinations!D14 -> 111111110 | E7: Sum of POWER(m, n) for n = 1 to 8
A8: 3. Guesses needed for 10% probability | B8: =B7*Assumptions!$B$10 -> 6.8212339e+15 | C8: =C7*Assumptions!$B$10 -> 22191945157809 | D8: =D7*Assumptions!$B$10 -> 11111111 | E8: Threshold % x total combinations
A9: 4. Guesses per day | B9: =Assumptions!$B$16 -> 86400000000 | C9: =Assumptions!$B$16 -> 86400000000 | D9: =Assumptions!$B$16 -> 86400000000 | E9: 1,000,000/sec x 86,400 sec/day
A10: 5. Time to reach 10% (seconds) | B10: =B8/Assumptions!$B$5 -> 6.8212339e+09 | C10: =C8/Assumptions!$B$5 -> 22191945 | D10: =D8/Assumptions!$B$5 -> 11.111111 | E10: Guesses needed / guesses per second
A11: 6. Time to reach 10% (days, exact) | B11: =B8/B9 -> 78949.467 | C11: =C8/C9 -> 256.85122 | D11: =D8/D9 -> 0.00012860082 | E11: Guesses needed / guesses per day
A12: 7. Expiration, rounded to nearest day | B12: =ROUND(B11,0) -> 78949 | C12: =ROUND(C11,0) -> 257 | D12: =ROUND(D11,0) -> 0 | E12: ROUND(exact days, 0)
A13: 8. Expiration, rounded down (safe policy) | B13: =ROUNDDOWN(B11,0) -> 78949 | C13: =ROUNDDOWN(C11,0) -> 256 | D13: =ROUNDDOWN(D11,0) -> 0 | E13: Whole days that finish BEFORE reaching 10%
A14: 9. Probability guessed at rounded-down expiry | B14: =B13*B9/B7 -> 0.099999409 | C14: =C13*C9/C7 -> 0.099668595 | D14: =D13*D9/D7 -> 0 | E14: Guesses in that many days / total combinations
A17: Answer (days until passwords should expire)
A18: Scenario 1 - ASCII 1-127 | B18: =B13 -> 78949 | C18: days
A19: Scenario 2 - Alphanumeric | B19: =C13 -> 256 | C19: days
A20: Scenario 3 - Digits only | B20: =D13 -> 0 | C20: days
A22: Notes
A23: 1. Scenario 2 exact time is about 256.85 days; 256 is the last whole day below 10% (nearest-day rounding gives 257).
A24: 2. Scenario 3 reaches 10% in about 11.1 seconds (0.000129 days), so the expiration rounds to 0 days - a digits-only password is not safe for even one day.
A25: 3. Rounded-down is used as the policy answer because a password must be expired BEFORE the 10% probability is reached (row 9 shows the probability stays below 10%).

Sheet Combinations
A1: Total Possible Passwords by Length (m^n via POWER)
A2: For each password length n = 1..8, combinations = POWER(m, n) where m = character set size. Total = sum over all lengths.
A4: Password length (n) | B4: Scenario 1 ASCII 1-127 | C4: Scenario 2 Alphanumeric | D4: Scenario 3 Digits only
A5: Character set size (m) | B5: =Assumptions!B22 -> 127 | C5: =Assumptions!B27 -> 62 | D5: =Assumptions!B29 -> 10
A6: 1 | B6: =POWER(B$5,$A6) -> 127 | C6: =POWER(C$5,$A6) -> 62 | D6: =POWER(D$5,$A6) -> 10
A7: 2 | B7: =POWER(B$5,$A7) -> 16129 | C7: =POWER(C$5,$A7) -> 3844 | D7: =POWER(D$5,$A7) -> 100
A8: 3 | B8: =POWER(B$5,$A8) -> 2048383 | C8: =POWER(C$5,$A8) -> 238328 | D8: =POWER(D$5,$A8) -> 1000
A9: 4 | B9: =POWER(B$5,$A9) -> 260144641 | C9: =POWER(C$5,$A9) -> 14776336 | D9: =POWER(D$5,$A9) -> 10000
A10: 5 | B10: =POWER(B$5,$A10) -> 33038369407 | C10: =POWER(C$5,$A10) -> 916132832 | D10: =POWER(D$5,$A10) -> 100000
A11: 6 | B11: =POWER(B$5,$A11) -> 4195872914689 | C11: =POWER(C$5,$A11) -> 56800235584 | D11: =POWER(D$5,$A11) -> 1000000
A12: 7 | B12: =POWER(B$5,$A12) -> 532875860165503 | C12: =POWER(C$5,$A12) -> 3521614606208 | D12: =POWER(D$5,$A12) -> 10000000
A13: 8 | B13: =POWER(B$5,$A13) -> 6.7675234e+16 | C13: =POWER(C$5,$A13) -> 218340105584896 | D13: =POWER(D$5,$A13) -> 100000000
A14: Total possible passwords | B14: =SUM(B6:B13) -> 6.8212339e+16 | C14: =SUM(C6:C13) -> 221919451578090 | D14: =SUM(D6:D13) -> 111111110
A16: Note: lengths 1-8 are fixed by the assignment (rows 6-13). Excel displays only 15 significant digits, so the very large Scenario 1 figures show trailing zeros; the exact Scenario 1 total is 68,212,339,274,677,760.
