Workbook

Sheet Instructions
A1: Module 8: Calculating Results of Statistical Procedures
A3: HOW TO USE THIS WORKBOOK
A4: 1. Go to the 'Sample Data' tab. Delete the placeholder values (yellow cells) and paste your
A5: actual dataset values in their place, keeping the same columns/headers.
A6: 2. Every other tab (Descriptive Statistics, F-Test, Correlation, T-Test, ANOVA) recalculates
A7: automatically from formulas referencing the Sample Data tab - no need to rerun the Analysis
A8: ToolPak manually, though you may still use it if your instructor requires the ToolPak's own
A9: dialog-generated output tables.
A10: 3. The Correlation tab includes a 2D line graph with two series as required in Step 5.5.
A11: 4. Review the F-Test tab first to decide whether to use the equal-variance or unequal-variance
A12: T-Test formula (already both provided).
A13: 5. Save this workbook and submit it per Step 8 of the assignment instructions.
A15: Yellow cells = placeholder example data. Replace with your real dataset before submitting.

Sheet Sample Data
A1: Column A (Group 1) | B1: Column B (Group 2) | C1: Column C (Variable X) | D1: Column D (Variable Y)
A2: 70.8 | B2: 83.3 | C2: 85.2 | D2: 79.6
A3: 70.6 | B3: 63.5 | C3: 52.3 | D3: 41.1
A4: 71.1 | B4: 74.9 | C4: 61.4 | D4: 37.7
A5: 77.6 | B5: 82.9 | C5: 64.5 | D5: 47.3
A6: 71 | B6: 86.7 | C6: 54 | D6: 50.8
A7: 60 | B7: 75.6 | C7: 61.6 | D7: 37.7
A8: 74.7 | B8: 81.8 | C8: 55.1 | D8: 44.3
A9: 69.9 | B9: 80.5 | C9: 63.9 | D9: 53.1
A10: 70.3 | B10: 85.8 | C10: 81.8 | D10: 62.9
A11: 72.9 | B11: 66.9 | C11: 68.2 | D11: 60.3
A12: 73.9 | B12: 83.7 | C12: 68.5 | D12: 59.4
A13: 81.3 | B13: 62.9 | C13: 60.5 | D13: 67
... A21: 71.1 | B21: 68 | C21: 69 | D21: 61.2

Sheet Descriptive Statistics
A1: Statistic | B1: Column A (Group 1) | C1: Column B (Group 2) | D1: Column C (Variable X) | E1: Column D (Variable Y)
A2: Mean | B2: =AVERAGE('Sample Data'!A2:A21) -> 72.21 | C2: =AVERAGE('Sample Data'!B2:B21) -> 75.635 | D2: =AVERAGE('Sample Data'!C2:C21) -> 68.615 | E2: =AVERAGE('Sample Data'!D2:D21) -> 55.745
A3: Standard Error | B3: =_xlfn.STDEV.S('Sample Data'!A2:A21)/SQRT(COUNT('Sample Data'!A2:A21)) -> 1.1806087 | C3: =_xlfn.STDEV.S('Sample Data'!B2:B21)/SQRT(COUNT('Sample Data'!B2:B21)) -> 2.2694571 | D3: =_xlfn.STDEV.S('Sample Data'!C2:C21)/SQRT(COUNT('Sample Data'!C2:C21)) -> 2.8100035 | E3: =_xlfn.STDEV.S('Sample Data'!D2:D21)/SQRT(COUNT('Sample Data'!D2:D21)) -> 2.516728
A4: Standard Deviation | B4: =_xlfn.STDEV.S('Sample Data'!A2:A21) -> 5.2798425 | C4: =_xlfn.STDEV.S('Sample Data'!B2:B21) -> 10.149321 | D4: =_xlfn.STDEV.S('Sample Data'!C2:C21) -> 12.566718 | E4: =_xlfn.STDEV.S('Sample Data'!D2:D21) -> 11.25515
A5: Sample Variance | B5: =_xlfn.VAR.S('Sample Data'!A2:A21) -> 27.876737 | C5: =_xlfn.VAR.S('Sample Data'!B2:B21) -> 103.00871 | D5: =_xlfn.VAR.S('Sample Data'!C2:C21) -> 157.92239 | E5: =_xlfn.VAR.S('Sample Data'!D2:D21) -> 126.67839
A6: Minimum | B6: =MIN('Sample Data'!A2:A21) -> 60 | C6: =MIN('Sample Data'!B2:B21) -> 51.8 | D6: =MIN('Sample Data'!C2:C21) -> 52.3 | E6: =MIN('Sample Data'!D2:D21) -> 37.7
A7: Maximum | B7: =MAX('Sample Data'!A2:A21) -> 82.5 | C7: =MAX('Sample Data'!B2:B21) -> 86.8 | D7: =MAX('Sample Data'!C2:C21) -> 96.8 | E7: =MAX('Sample Data'!D2:D21) -> 79.6
A8: Count | B8: =COUNT('Sample Data'!A2:A21) -> 20 | C8: =COUNT('Sample Data'!B2:B21) -> 20 | D8: =COUNT('Sample Data'!C2:C21) -> 20 | E8: =COUNT('Sample Data'!D2:D21) -> 20
A10: Note: Formulas reference 'Sample Data' columns A-D and update automatically.

Sheet F-Test
A1: F-Test Two-Sample for Variances (Column A vs Column B)
B2: Column A (Group 1) | C2: Column B (Group 2)
A3: Mean | B3: =AVERAGE('Sample Data'!A2:A21) -> 72.21 | C3: =AVERAGE('Sample Data'!B2:B21) -> 75.635
A4: Variance | B4: =_xlfn.VAR.S('Sample Data'!A2:A21) -> 27.876737 | C4: =_xlfn.VAR.S('Sample Data'!B2:B21) -> 103.00871
A5: Observations | B5: =COUNT('Sample Data'!A2:A21) -> 20 | C5: =COUNT('Sample Data'!B2:B21) -> 20
A6: df | B6: =B5-1 -> 19 | C6: =C5-1 -> 19
A7: F (calculated) | B7: =B4/C4 -> 0.27062504
A8: P(F<=f) one-tail | B8: =_xlfn.F.DIST.RT(B7,B5,C5) -> 0.99739377
A9: F Critical one-tail (alpha=0.05) | B9: =_xlfn.F.INV.RT(0.05,B5,C5) -> 2.1241552
A11: Decision | B11: =IF(B7>B9,"F > F critical: variances are NOT equal (use unequal-variance t-test)","F <= F critical: variances ARE equal (use equal-variance t-test)") -> F <= F critical: variances ARE equal (use equal-variance t-test)

Sheet Correlation
A1: Correlation (Column C vs Column D)
A3: Pearson Correlation Coefficient (r) | B3: =CORREL('Sample Data'!C2:C21,'Sample Data'!D2:D21) -> 0.75146328
A4: Interpretation | B4: =IF(ABS(B3)>=0.7,"Strong",IF(ABS(B3)>=0.3,"Moderate","Weak")) -> Strong
A6: Row | B6: Column C | C6: Column D
A7: 1 | B7: ='Sample Data'!C2 -> 85.2 | C7: ='Sample Data'!D2 -> 79.6
A8: 2 | B8: ='Sample Data'!C3 -> 52.3 | C8: ='Sample Data'!D3 -> 41.1
A9: 3 | B9: ='Sample Data'!C4 -> 61.4 | C9: ='Sample Data'!D4 -> 37.7
A10: 4 | B10: ='Sample Data'!C5 -> 64.5 | C10: ='Sample Data'!D5 -> 47.3
A11: 5 | B11: ='Sample Data'!C6 -> 54 | C11: ='Sample Data'!D6 -> 50.8
A12: 6 | B12: ='Sample Data'!C7 -> 61.6 | C12: ='Sample Data'!D7 -> 37.7
A13: 7 | B13: ='Sample Data'!C8 -> 55.1 | C13: ='Sample Data'!D8 -> 44.3
A14: 8 | B14: ='Sample Data'!C9 -> 63.9 | C14: ='Sample Data'!D9 -> 53.1
A15: 9 | B15: ='Sample Data'!C10 -> 81.8 | C15: ='Sample Data'!D10 -> 62.9
A16: 10 | B16: ='Sample Data'!C11 -> 68.2 | C16: ='Sample Data'!D11 -> 60.3
A17: 11 | B17: ='Sample Data'!C12 -> 68.5 | C17: ='Sample Data'!D12 -> 59.4
A18: 12 | B18: ='Sample Data'!C13 -> 60.5 | C18: ='Sample Data'!D13 -> 67
... A26: 20 | B26: ='Sample Data'!C21 -> 69 | C26: ='Sample Data'!D21 -> 61.2

Sheet T-Test
A1: T-Test: Two-Sample (Column A vs Column B)
A2: H0: mu1 - mu2 = 0
B4: Column A | C4: Column B
A5: Mean | B5: =AVERAGE('Sample Data'!A2:A21) -> 72.21 | C5: =AVERAGE('Sample Data'!B2:B21) -> 75.635
A6: Variance | B6: =_xlfn.VAR.S('Sample Data'!A2:A21) -> 27.876737 | C6: =_xlfn.VAR.S('Sample Data'!B2:B21) -> 103.00871
A7: Observations | B7: =COUNT('Sample Data'!A2:A21) -> 20 | C7: =COUNT('Sample Data'!B2:B21) -> 20
A9: Equal-Variance (Pooled) t-Test
A10: t Stat | B10: =(B5-C5)/SQRT((((B6*1)*(B7-1))+(C6*(C7-1)))/(B7+C7-2)*(1/B7+1/C7)) -> -1.3388437
A11: df | B11: =B7+C7-2 -> 38
A12: P(T<=t) two-tail | B12: =_xlfn.T.DIST.2T(ABS(B10),B11) -> 0.18857631
A13: t Critical two-tail (alpha=0.05) | B13: =_xlfn.T.INV.2T(0.05,B11) -> 2.0243942
A15: Unequal-Variance (Welch) t-Test
A16: t Stat | B16: =(B5-C5)/SQRT(B6/B7+C6/C7) -> -1.3388437
A17: df (Welch-Satterthwaite) | B17: =((B6/B7+C6/C7)^2)/(((B6/B7)^2/(B7-1))+((C6/C7)^2/(C7-1))) -> 28.581987
A18: P(T<=t) two-tail | B18: =_xlfn.T.DIST.2T(ABS(B16),B17) -> 0.19139077
A19: t Critical two-tail (alpha=0.05) | B19: =_xlfn.T.INV.2T(0.05,B17) -> 2.0484071
A21: Which to report? | B21: See F-Test tab decision (row 11) to choose equal- vs unequal-variance results.

Sheet ANOVA
A1: ANOVA: Single Factor (Columns A, B, C, D as Groups)
A3: Groups | B3: Count | C3: Sum | D3: Average | E3: Variance
A4: Column A | B4: =COUNT('Sample Data'!A2:A21) -> 20 | C4: =SUM('Sample Data'!A2:A21) -> 1444.2 | D4: =AVERAGE('Sample Data'!A2:A21) -> 72.21 | E4: =_xlfn.VAR.S('Sample Data'!A2:A21) -> 27.876737
A5: Column B | B5: =COUNT('Sample Data'!B2:B21) -> 20 | C5: =SUM('Sample Data'!B2:B21) -> 1512.7 | D5: =AVERAGE('Sample Data'!B2:B21) -> 75.635 | E5: =_xlfn.VAR.S('Sample Data'!B2:B21) -> 103.00871
A6: Column C | B6: =COUNT('Sample Data'!C2:C21) -> 20 | C6: =SUM('Sample Data'!C2:C21) -> 1372.3 | D6: =AVERAGE('Sample Data'!C2:C21) -> 68.615 | E6: =_xlfn.VAR.S('Sample Data'!C2:C21) -> 157.92239
A7: Column D | B7: =COUNT('Sample Data'!D2:D21) -> 20 | C7: =SUM('Sample Data'!D2:D21) -> 1114.9 | D7: =AVERAGE('Sample Data'!D2:D21) -> 55.745 | E7: =_xlfn.VAR.S('Sample Data'!D2:D21) -> 126.67839
A9: Source of Variation | B9: SS | C9: df | D9: MS | E9: F | F9: P-value | G9: F crit
A10: Between Groups | B10: =SUMPRODUCT(B4:B7,(D4:D7-AVERAGE('Sample Data'!A2:A21,'Sample Data'!B2:B21,'Sample Data'!C2:C21,'Sample Data'!D2:D21))^2) -> 4531.4014 | C10: =COUNT(B4:B7)-1 -> 3 | D10: =B10/C10 -> 1510.4671 | E10: =D10/D11 -> 14.541681 | F10: =_xlfn.F.DIST.RT(E10,C10,C11) -> 1.4145785e-07 | G10: =_xlfn.F.INV.RT(0.05,C10,C11) -> 2.7249439
A11: Within Groups | B11: =SUMPRODUCT(B4:B7-1,E4:E7) -> 7894.2385 | C11: =SUM(B4:B7)-COUNT(B4:B7) -> 76 | D11: =B11/C11 -> 103.87156
A12: Total | B12: =B10+B11 -> 12425.64 | C12: =C10+C11 -> 79
