Workbook

Sheet Sheet1
A1: city | B1: year | C1: wage | D1: unemployment | E1: population | F1: low_skill_share | G1: manuf_share
A2: Miami | B2: 1975 | C2: 390 | D2: 6.5 | E2: 1.8 | F2: 0.42 | G2: 0.18
A3: Miami | B3: 1976 | C3: 395 | D3: 6.2 | E3: 1.85 | F3: 0.41 | G3: 0.17
A4: Miami | B4: 1977 | C4: 398 | D4: 6 | E4: 1.9 | F4: 0.41 | G4: 0.17
A5: Miami | B5: 1978 | C5: 402 | D5: 5.8 | E5: 1.95 | F5: 0.4 | G5: 0.16
A6: Miami | B6: 1979 | C6: 405 | D6: 5.6 | E6: 2 | F6: 0.4 | G6: 0.16
A7: Miami | B7: 1980 | C7: 400 | D7: 7.5 | E7: 2.1 | F7: 0.43 | G7: 0.15
A8: Miami | B8: 1981 | C8: 392 | D8: 8 | E8: 2.2 | F8: 0.44 | G8: 0.14
A9: Miami | B9: 1982 | C9: 385 | D9: 8.5 | E9: 2.3 | F9: 0.45 | G9: 0.13
A10: Miami | B10: 1983 | C10: 388 | D10: 8.2 | E10: 2.35 | F10: 0.45 | G10: 0.13
A11: Miami | B11: 1984 | C11: 390 | D11: 7.8 | E11: 2.4 | F11: 0.44 | G11: 0.13
A13: Atlanta | B13: 1975 | C13: 380 | D13: 6 | E13: 2.5 | F13: 0.4 | G13: 0.2
A14: Atlanta | B14: 1976 | C14: 385 | D14: 5.8 | E14: 2.55 | F14: 0.4 | G14: 0.19
... A66: LosAngeles | B66: 1984 | C66: 455 | D66: 8 | E66: 6.4 | F66: 0.43 | G66: 0.17

Sheet Q1
A1: City | B1: Avg Wage Trend (Slope) | C1: Avg Unemployment | D1: Avg Population | E1: Avg Low Skill Share | F1: Avg Manuf Share
A2: Miami | B2: =SLOPE(Sheet1!C2:C11,Sheet1!B2:B11) -> -0.9030303 | C2: =AVERAGE(Sheet1!D2:D11) -> 7.01 | D2: =AVERAGE(Sheet1!E2:E11) -> 2.085 | E2: =AVERAGE(Sheet1!F2:F11) -> 0.425 | F2: =AVERAGE(Sheet1!G2:G11) -> 0.152
A3: Atlanta | B3: =SLOPE(Sheet1!C13:C22,Sheet1!B13:B22) -> 3.5575758 | C3: =AVERAGE(Sheet1!D13:D22) -> 6.34 | D3: =AVERAGE(Sheet1!E13:E22) -> 2.725 | E3: =AVERAGE(Sheet1!F13:F22) -> 0.394 | F3: =AVERAGE(Sheet1!G13:G22) -> 0.176
A4: Houston | B4: =SLOPE(Sheet1!C24:C33,Sheet1!B24:B33) -> 4.2909091 | C4: =AVERAGE(Sheet1!D24:D33) -> 6 | D4: =AVERAGE(Sheet1!E24:E33) -> 3.25 | E4: =AVERAGE(Sheet1!F24:F33) -> 0.404 | F4: =AVERAGE(Sheet1!G24:G33) -> 0.226
A5: Tampa | B5: =SLOPE(Sheet1!C35:C44,Sheet1!B35:B44) -> 2.630303 | C5: =AVERAGE(Sheet1!D35:D44) -> 6.71 | D5: =AVERAGE(Sheet1!E35:E44) -> 1.725 | E5: =AVERAGE(Sheet1!F35:F44) -> 0.414 | F5: =AVERAGE(Sheet1!G35:G44) -> 0.166
A6: Dallas | B6: =SLOPE(Sheet1!C46:C55,Sheet1!B46:B55) -> 3.2242424 | C6: =AVERAGE(Sheet1!D46:D55) -> 6.15 | D6: =AVERAGE(Sheet1!E46:E55) -> 3.05 | E6: =AVERAGE(Sheet1!F46:F55) -> 0.384 | F6: =AVERAGE(Sheet1!G46:G55) -> 0.206
A7: LosAngeles | B7: =SLOPE(Sheet1!C57:C66,Sheet1!B57:B66) -> 3.9272727 | C7: =AVERAGE(Sheet1!D57:D66) -> 7.3 | D7: =AVERAGE(Sheet1!E57:E66) -> 5.95 | E7: =AVERAGE(Sheet1!F57:F66) -> 0.424 | F7: =AVERAGE(Sheet1!G57:G66) -> 0.188

Sheet Q2
A1: city | B1: year | C1: wage | D1: unemployment | E1: population | F1: low_skill_share | G1: manuf_share
A2: Miami | B2: 1975 | C2: 390 | D2: 6.5 | E2: 1.8 | F2: 0.42 | G2: 0.18
A3: Miami | B3: 1976 | C3: 395 | D3: 6.2 | E3: 1.85 | F3: 0.41 | G3: 0.17
A4: Miami | B4: 1977 | C4: 398 | D4: 6 | E4: 1.9 | F4: 0.41 | G4: 0.17
A5: Miami | B5: 1978 | C5: 402 | D5: 5.8 | E5: 1.95 | F5: 0.4 | G5: 0.16
A6: Miami | B6: 1979 | C6: 405 | D6: 5.6 | E6: 2 | F6: 0.4 | G6: 0.16
A7: Miami | B7: 1980 | C7: 400 | D7: 7.5 | E7: 2.1 | F7: 0.43 | G7: 0.15
A8: Miami | B8: 1981 | C8: 392 | D8: 8 | E8: 2.2 | F8: 0.44 | G8: 0.14
A9: Miami | B9: 1982 | C9: 385 | D9: 8.5 | E9: 2.3 | F9: 0.45 | G9: 0.13
A10: Miami | B10: 1983 | C10: 388 | D10: 8.2 | E10: 2.35 | F10: 0.45 | G10: 0.13
A11: Miami | B11: 1984 | C11: 390 | D11: 7.8 | E11: 2.4 | F11: 0.44 | G11: 0.13
A12: Atlanta | B12: 1975 | C12: 380 | D12: 6 | E12: 2.5 | F12: 0.4 | G12: 0.2
A13: Atlanta | B13: 1976 | C13: 385 | D13: 5.8 | E13: 2.55 | F13: 0.4 | G13: 0.19
... A61: LosAngeles | B61: 1984 | C61: 455 | D61: 8 | E61: 6.4 | F61: 0.43 | G61: 0.17
A63: Year | B63: Miami | C63: Atlanta | D63: Houston | E63: Tampa | F63: Dallas | G63: LosAngeles
A64: 1975 | B64: =SUMIFS($C$2:$C$61, $A$2:$A$61,B63, $B$2:$B$61,$A$64) -> 390 | C64: =SUMIFS($C$2:$C$61, $A$2:$A$61,C63, $B$2:$B$61,$A$64) -> 380 | D64: =SUMIFS($C$2:$C$61, $A$2:$A$61,D63, $B$2:$B$61,$A$64) -> 395 | E64: =SUMIFS($C$2:$C$61, $A$2:$A$61,E63, $B$2:$B$61,$A$64) -> 385 | F64: =SUMIFS($C$2:$C$61, $A$2:$A$61,F63, $B$2:$B$61,$A$64) -> 400 | G64: =SUMIFS($C$2:$C$61, $A$2:$A$61,G63, $B$2:$B$61,$A$64) -> 420
A65: 1976 | B65: =SUMIFS($C$2:$C$61, $A$2:$A$61,B63, $B$2:$B$61,$A$65) -> 395 | C65: =SUMIFS($C$2:$C$61, $A$2:$A$61,C63, $B$2:$B$61,$A$65) -> 385 | D65: =SUMIFS($C$2:$C$61, $A$2:$A$61,D63, $B$2:$B$61,$A$65) -> 400 | E65: =SUMIFS($C$2:$C$61, $A$2:$A$61,E63, $B$2:$B$61,$A$65) -> 390 | F65: =SUMIFS($C$2:$C$61, $A$2:$A$61,F63, $B$2:$B$61,$A$65) -> 405 | G65: =SUMIFS($C$2:$C$61, $A$2:$A$61,G63, $B$2:$B$61,$A$65) -> 425
A66: 1977 | B66: =SUMIFS($C$2:$C$61, $A$2:$A$61,B63, $B$2:$B$61,$A$66) -> 398 | C66: =SUMIFS($C$2:$C$61, $A$2:$A$61,C63, $B$2:$B$61,$A$66) -> 390 | D66: =SUMIFS($C$2:$C$61, $A$2:$A$61,D63, $B$2:$B$61,$A$66) -> 405 | E66: =SUMIFS($C$2:$C$61, $A$2:$A$61,E63, $B$2:$B$61,$A$66) -> 395 | F66: =SUMIFS($C$2:$C$61, $A$2:$A$61,F63, $B$2:$B$61,$A$66) -> 410 | G66: =SUMIFS($C$2:$C$61, $A$2:$A$61,G63, $B$2:$B$61,$A$66) -> 430
A67: 1978 | B67: =SUMIFS($C$2:$C$61, $A$2:$A$61,B63, $B$2:$B$61,$A$67) -> 402 | C67: =SUMIFS($C$2:$C$61, $A$2:$A$61,C63, $B$2:$B$61,$A$67) -> 395 | D67: =SUMIFS($C$2:$C$61, $A$2:$A$61,D63, $B$2:$B$61,$A$67) -> 410 | E67: =SUMIFS($C$2:$C$61, $A$2:$A$61,E63, $B$2:$B$61,$A$67) -> 398 | F67: =SUMIFS($C$2:$C$61, $A$2:$A$61,F63, $B$2:$B$61,$A$67) -> 415 | G67: =SUMIFS($C$2:$C$61, $A$2:$A$61,G63, $B$2:$B$61,$A$67) -> 435
A68: 1979 | B68: =SUMIFS($C$2:$C$61, $A$2:$A$61,B63, $B$2:$B$61,$A$68) -> 405 | C68: =SUMIFS($C$2:$C$61, $A$2:$A$61,C63, $B$2:$B$61,$A$68) -> 398 | D68: =SUMIFS($C$2:$C$61, $A$2:$A$61,D63, $B$2:$B$61,$A$68) -> 415 | E68: =SUMIFS($C$2:$C$61, $A$2:$A$61,E63, $B$2:$B$61,$A$68) -> 400 | F68: =SUMIFS($C$2:$C$61, $A$2:$A$61,F63, $B$2:$B$61,$A$68) -> 418 | G68: =SUMIFS($C$2:$C$61, $A$2:$A$61,G63, $B$2:$B$61,$A$68) -> 440
A69: 1980 | B69: =SUMIFS($C$2:$C$61, $A$2:$A$61,B63, $B$2:$B$61,$A$69) -> 400 | C69: =SUMIFS($C$2:$C$61, $A$2:$A$61,C63, $B$2:$B$61,$A$69) -> 402 | D69: =SUMIFS($C$2:$C$61, $A$2:$A$61,D63, $B$2:$B$61,$A$69) -> 420 | E69: =SUMIFS($C$2:$C$61, $A$2:$A$61,E63, $B$2:$B$61,$A$69) -> 402 | F69: =SUMIFS($C$2:$C$61, $A$2:$A$61,F63, $B$2:$B$61,$A$69) -> 420 | G69: =SUMIFS($C$2:$C$61, $A$2:$A$61,G63, $B$2:$B$61,$A$69) -> 445
A70: 1981 | B70: =SUMIFS($C$2:$C$61, $A$2:$A$61,B63, $B$2:$B$61,$A$70) -> 392 | C70: =SUMIFS($C$2:$C$61, $A$2:$A$61,C63, $B$2:$B$61,$A$70) -> 405 | D70: =SUMIFS($C$2:$C$61, $A$2:$A$61,D63, $B$2:$B$61,$A$70) -> 425 | E70: =SUMIFS($C$2:$C$61, $A$2:$A$61,E63, $B$2:$B$61,$A$70) -> 405 | F70: =SUMIFS($C$2:$C$61, $A$2:$A$61,F63, $B$2:$B$61,$A$70) -> 423 | G70: =SUMIFS($C$2:$C$61, $A$2:$A$61,G63, $B$2:$B$61,$A$70) -> 448
A71: 1982 | B71: =SUMIFS($C$2:$C$61, $A$2:$A$61,B63, $B$2:$B$61,$A$71) -> 385 | C71: =SUMIFS($C$2:$C$61, $A$2:$A$61,C63, $B$2:$B$61,$A$71) -> 408 | D71: =SUMIFS($C$2:$C$61, $A$2:$A$61,D63, $B$2:$B$61,$A$71) -> 428 | E71: =SUMIFS($C$2:$C$61, $A$2:$A$61,E63, $B$2:$B$61,$A$71) -> 407 | F71: =SUMIFS($C$2:$C$61, $A$2:$A$61,F63, $B$2:$B$61,$A$71) -> 425 | G71: =SUMIFS($C$2:$C$61, $A$2:$A$61,G63, $B$2:$B$61,$A$71) -> 450
A72: 1983 | B72: =SUMIFS($C$2:$C$61, $A$2:$A$61,B63, $B$2:$B$61,$A$72) -> 388 | C72: =SUMIFS($C$2:$C$61, $A$2:$A$61,C63, $B$2:$B$61,$A$72) -> 410 | D72: =SUMIFS($C$2:$C$61, $A$2:$A$61,D63, $B$2:$B$61,$A$72) -> 430 | E72: =SUMIFS($C$2:$C$61, $A$2:$A$61,E63, $B$2:$B$61,$A$72) -> 408 | F72: =SUMIFS($C$2:$C$61, $A$2:$A$61,F63, $B$2:$B$61,$A$72) -> 428 | G72: =SUMIFS($C$2:$C$61, $A$2:$A$61,G63, $B$2:$B$61,$A$72) -> 452
A73: 1984 | B73: =SUMIFS($C$2:$C$61, $A$2:$A$61,B63, $B$2:$B$61,$A$73) -> 390 | C73: =SUMIFS($C$2:$C$61, $A$2:$A$61,C63, $B$2:$B$61,$A$73) -> 412 | D73: =SUMIFS($C$2:$C$61, $A$2:$A$61,D63, $B$2:$B$61,$A$73) -> 432 | E73: =SUMIFS($C$2:$C$61, $A$2:$A$61,E63, $B$2:$B$61,$A$73) -> 410 | F73: =SUMIFS($C$2:$C$61, $A$2:$A$61,F63, $B$2:$B$61,$A$73) -> 430 | G73: =SUMIFS($C$2:$C$61, $A$2:$A$61,G63, $B$2:$B$61,$A$73) -> 455

Sheet Q3
A1: city | B1: year | C1: wage | D1: unemployment | E1: population | F1: low_skill_share | G1: manuf_share
A2: Miami | B2: 1975 | C2: 390 | D2: 6.5 | E2: 1.8 | F2: 0.42 | G2: 0.18
A3: Miami | B3: 1976 | C3: 395 | D3: 6.2 | E3: 1.85 | F3: 0.41 | G3: 0.17
A4: Miami | B4: 1977 | C4: 398 | D4: 6 | E4: 1.9 | F4: 0.41 | G4: 0.17
A5: Miami | B5: 1978 | C5: 402 | D5: 5.8 | E5: 1.95 | F5: 0.4 | G5: 0.16
A6: Miami | B6: 1979 | C6: 405 | D6: 5.6 | E6: 2 | F6: 0.4 | G6: 0.16
A7: Miami | B7: 1980 | C7: 400 | D7: 7.5 | E7: 2.1 | F7: 0.43 | G7: 0.15
A8: Miami | B8: 1981 | C8: 392 | D8: 8 | E8: 2.2 | F8: 0.44 | G8: 0.14
A9: Miami | B9: 1982 | C9: 385 | D9: 8.5 | E9: 2.3 | F9: 0.45 | G9: 0.13
A10: Miami | B10: 1983 | C10: 388 | D10: 8.2 | E10: 2.35 | F10: 0.45 | G10: 0.13
A11: Miami | B11: 1984 | C11: 390 | D11: 7.8 | E11: 2.4 | F11: 0.44 | G11: 0.13
A12: Atlanta | B12: 1975 | C12: 380 | D12: 6 | E12: 2.5 | F12: 0.4 | G12: 0.2
A13: Atlanta | B13: 1976 | C13: 385 | D13: 5.8 | E13: 2.55 | F13: 0.4 | G13: 0.19
... A61: LosAngeles | B61: 1984 | C61: 455 | D61: 8 | E61: 6.4 | F61: 0.43 | G61: 0.17
A63: Donor | B63: Atlanta | C63: Houston | D63: Tampa | E63: Dallas | F63: LosAngeles
A64: Weight | B64: 0 | C64: 0 | D64: 0.87913907 | E64: 0 | F64: 0.12086093
A66: Sum of Weights | B66: =SUM(B64:F64) -> 1
A67: Miami Predictor Averages (Pre-Treatment: 1975–1979)
A68: Miami Predictors (1975-79)
A69: Unemployment | B69: =AVERAGE(D2:D6) -> 6.02
A70: Population | B70: =AVERAGE(E2:E6) -> 1.9
A71: Low Skill Share | B71: =AVERAGE(F2:F6) -> 0.408
A72: Manuf Share | B72: =AVERAGE(G2:G6) -> 0.168
A73: Donor Predictor Averages (Pre-Treatment: 1975–1979)
A74: Donor Predictors | B74: Atlanta | C74: Houston | D74: Tampa | E74: Dallas | F74: LosAngeles
A75: Unemployment | B75: =AVERAGE(D12:D16) -> 5.6 | C75: =AVERAGE(D22:D26) -> 5.16 | D75: =AVERAGE(D32:D36) -> 5.84 | E75: =AVERAGE(D42:D46) -> 5.36 | F75: =AVERAGE(D52:D56) -> 6.4
A76: Population | B76: =AVERAGE(E12:E16) -> 2.6 | C76: =AVERAGE(E22:E26) -> 3.1 | D76: =AVERAGE(E32:E36) -> 1.6 | E76: =AVERAGE(E42:E46) -> 2.9 | F76: =AVERAGE(E52:E56) -> 5.7
A77: Low Skill Share | B77: =AVERAGE(F12:F16) -> 0.392 | C77: =AVERAGE(F22:F26) -> 0.402 | D77: =AVERAGE(F32:F36) -> 0.412 | E77: =AVERAGE(F42:F46) -> 0.382 | F77: =AVERAGE(F52:F56) -> 0.422
A78: Manuf Share | B78: =AVERAGE(G12:G16) -> 0.188 | C78: =AVERAGE(G22:G26) -> 0.238 | D78: =AVERAGE(G32:G36) -> 0.178 | E78: =AVERAGE(G42:G46) -> 0.218 | F78: =AVERAGE(G52:G56) -> 0.202
A79: Synthetic Miami Predictors (Weighted Averages)
A80: Synthetic Miami Predictors
A81: Unemployment | B81: =SUMPRODUCT($B$64:$F$64, B75:F75) -> 5.9076821
A82: Population | B82: =SUMPRODUCT($B$64:$F$64, B76:F76) -> 2.0955298
A83: Low Skill Share | B83: =SUMPRODUCT($B$64:$F$64, B77:F77) -> 0.41320861
A84: Manuf Share | B84: =SUMPRODUCT($B$64:$F$64, B78:F78) -> 0.18090066
A85: Predictor Fit (Squared Differences)
A86: Predictor Fit
A87: Unemployment Diff² | B87: =(B69-B81)^2 -> 0.012615306
A88: Population Diff² | B88: =(B70-B82)^2 -> 0.038231906
A89: Low Skill Share Diff² | B89: =(B71-B83)^2 -> 2.7129611e-05
A90: Manuf Share Diff² | B90: =(B72-B84)^2 -> 0.00016642709
A91: Sum of Squared Diffs | B91: =SUM(A87:A90) -> 0 | C91: (Objective Function)
A92: Donor Wages Table
A93: Year | B93: Atlanta | C93: Houston | D93: Tampa | E93: Dallas | F93: LosAngeles
A94: 1975 | B94: =C12 -> 380 | C94: =C22 -> 395 | D94: =C32 -> 385 | E94: =C42 -> 400 | F94: =C52 -> 420
A95: 1976 | B95: =C13 -> 385 | C95: =C23 -> 400 | D95: =C33 -> 390 | E95: =C43 -> 405 | F95: =C53 -> 425
A96: 1977 | B96: =C14 -> 390 | C96: =C24 -> 405 | D96: =C34 -> 395 | E96: =C44 -> 410 | F96: =C54 -> 430
A97: 1978 | B97: =C15 -> 395 | C97: =C25 -> 410 | D97: =C35 -> 398 | E97: =C45 -> 415 | F97: =C55 -> 435
A98: 1979 | B98: =C16 -> 398 | C98: =C26 -> 415 | D98: =C36 -> 400 | E98: =C46 -> 418 | F98: =C56 -> 440
A99: 1980 | B99: =C17 -> 402 | C99: =C27 -> 420 | D99: =C37 -> 402 | E99: =C47 -> 420 | F99: =C57 -> 445
A100: 1981 | B100: =C18 -> 405 | C100: =C28 -> 425 | D100: =C38 -> 405 | E100: =C48 -> 423 | F100: =C58 -> 448
A101: 1982 | B101: =C19 -> 408 | C101: =C29 -> 428 | D101: =C39 -> 407 | E101: =C49 -> 425 | F101: =C59 -> 450
A102: 1983 | B102: =C20 -> 410 | C102: =C30 -> 430 | D102: =C40 -> 408 | E102: =C50 -> 428 | F102: =C60 -> 452
A103: 1984 | B103: =C21 -> 412 | C103: =C31 -> 432 | D103: =C41 -> 410 | E103: =C51 -> 430 | F103: =C61 -> 455
A105: Wage Paths and Pre-Treatment Fit
A106: Year | B106: Miami Wage | C106: Synthetic Wage | D106: Squared Diff
A107: 1975 | B107: =C2 -> 390 | C107: =SUMPRODUCT($B$64:$F$64, B94:F94) -> 389.23013 | D107: =(B107-C107)^2 -> 0.59269594
A108: 1976 | B108: =C3 -> 395 | C108: =SUMPRODUCT($B$64:$F$64, B95:F95) -> 394.23013 | D108: =(B108-C108)^2 -> 0.59269594
A109: 1977 | B109: =C4 -> 398 | C109: =SUMPRODUCT($B$64:$F$64, B96:F96) -> 399.23013 | D109: =(B109-C109)^2 -> 1.513226
A110: 1978 | B110: =C5 -> 402 | C110: =SUMPRODUCT($B$64:$F$64, B97:F97) -> 402.47185 | D110: =(B110-C110)^2 -> 0.22264655
A111: 1979 | B111: =C6 -> 405 | C111: =SUMPRODUCT($B$64:$F$64, B98:F98) -> 404.83444 | D111: =(B111-C111)^2 -> 0.027411054
A112: 1980 | B112: =C7 -> 400 | C112: =SUMPRODUCT($B$64:$F$64, B99:F99) -> 407.19702 | D112: =(B112-C112)^2 -> 51.797096
A113: 1981 | B113: =C8 -> 392 | C113: =SUMPRODUCT($B$64:$F$64, B100:F100) -> 410.19702 | D113: =(B113-C113)^2 -> 331.13153
A114: 1982 | B114: =C9 -> 385 | C114: =SUMPRODUCT($B$64:$F$64, B101:F101) -> 412.19702 | D114: =(B114-C114)^2 -> 739.67789
A115: 1983 | B115: =C10 -> 388 | C115: =SUMPRODUCT($B$64:$F$64, B102:F102) -> 413.31788 | D115: =(B115-C115)^2 -> 640.99509
A116: 1984 | B116: =C11 -> 390 | C116: =SUMPRODUCT($B$64:$F$64, B103:F103) -> 415.43874 | D116: =(B116-C116)^2 -> 647.12958
A117: Pre-Treatment Fit Total | D117: =SUM(D107:D111) -> 2.9486755
A119: Objective (Minimise) | B119: =B91+D117 -> 2.9486755
A120: Summary of Results Table
A121: Final Donor Weights
A122: Atlanta | B122: =B64 -> 0
A123: Houston | B123: =C64 -> 0
A124: Tampa | B124: =D64 -> 0.87913907
A125: Dallas | B125: =E64 -> 0
A126: LosAngeles | B126: =F64 -> 0.12086093
A127: Sum | B127: =SUM(B122:B126) -> 1
A128: Predictor Balance Check
A129: Predictor | B129: Miami | C129: Synthetic Miami | D129: Difference
A130: Unemployment | B130: =B69 -> 6.02 | C130: =B81 -> 5.9076821 | D130: =B130-C130 -> 0.11231788
A131: Population | B131: =B70 -> 1.9 | C131: =B82 -> 2.0955298 | D131: =B131-C131 -> -0.19552981
A132: Low Skill Share | B132: =B71 -> 0.408 | C132: =B83 -> 0.41320861 | D132: =B132-C132 -> -0.0052086093
A133: Manuf Share | B133: =B72 -> 0.168 | C133: =B84 -> 0.18090066 | D133: =B133-C133 -> -0.012900662
A134: Pre-Treatment Wage Fit Summary
A135: Pre-Treatment Wage RMSE | B135: =SQRT(D117/5) -> 0.76794212
A136: Post-Treatment Gap Summary
A137: Year | B137: Gap (Miami - Synthetic)
A138: 1980 | B138: =B112-C112 -> -7.1970199
A139: 1981 | B139: =B113-C113 -> -18.19702
A140: 1982 | B140: =B114-C114 -> -27.19702
A141: 1983 | B141: =B115-C115 -> -25.317881
A142: 1984 | B142: =B116-C116 -> -25.438742
A143: Average Post-Treatment Gap | B143: =AVERAGE(A138:A142) -> 1982

Sheet Q4
A1: Year | B1: Miami Wage | C1: Synthetic Wage | D1: Squared Diff
A2: 1980 | B2: ='Q3'!B112 -> 400 | C2: ='Q3'!C112 -> 407.19702 | D2: ='Q3'!D112 -> 51.797096
A3: 1981 | B3: ='Q3'!B113 -> 392 | C3: ='Q3'!C113 -> 410.19702 | D3: ='Q3'!D113 -> 331.13153
A4: 1982 | B4: ='Q3'!B114 -> 385 | C4: ='Q3'!C114 -> 412.19702 | D4: ='Q3'!D114 -> 739.67789
A5: 1983 | B5: ='Q3'!B115 -> 388 | C5: ='Q3'!C115 -> 413.31788 | D5: ='Q3'!D115 -> 640.99509
A6: 1984 | B6: ='Q3'!B116 -> 390 | C6: ='Q3'!C116 -> 415.43874 | D6: ='Q3'!D116 -> 647.12958

Sheet Q5
A1: Year | B1: Miami Wage | C1: Houston Wage | D1: Difference
A2: 1980 | B2: ='Q3'!B112 -> 400 | C2: ='Q3'!C99 -> 420 | D2: =B2-C2 -> -20
A3: 1981 | B3: ='Q3'!B113 -> 392 | C3: ='Q3'!C100 -> 425 | D3: =B3-C3 -> -33
A4: 1982 | B4: ='Q3'!B114 -> 385 | C4: ='Q3'!C101 -> 428 | D4: =B4-C4 -> -43
A5: 1983 | B5: ='Q3'!B115 -> 388 | C5: ='Q3'!C102 -> 430 | D5: =B5-C5 -> -42
A6: 1984 | B6: ='Q3'!B116 -> 390 | C6: ='Q3'!C103 -> 432 | D6: =B6-C6 -> -42

Sheet Q7
A1: Donor | B1: Atlanta | C1: Houston | D1: Dallas | E1: LosAngeles
A2: Weight | B2: 0.7910706 | C2: 0 | D2: 0 | E2: 0.2089294
A4: Sum of weights | B4: =SUM(B2:E2) -> 1
A6: Miami Predictors (1975-79)
A7: Unemployment | B7: ='Q1'!C2 -> 7.01
A8: Population | B8: ='Q1'!D2 -> 2.085
A9: Low Skill Share | B9: ='Q1'!E2 -> 0.425
A10: Manuf Share | B10: ='Q1'!F2 -> 0.152
A12: Donor Predictor Averages
A13: Donor Predictors | B13: Atlanta | C13: Houston | D13: Dallas | E13: LosAngeles
A14: Unemployment | B14: ='Q1'!C3 -> 6.34 | C14: ='Q1'!C4 -> 6 | D14: ='Q1'!C6 -> 6.15 | E14: ='Q1'!C7 -> 7.3
A15: Population | B15: ='Q1'!D3 -> 2.725 | C15: ='Q1'!D4 -> 3.25 | D15: ='Q1'!D6 -> 3.05 | E15: ='Q1'!D7 -> 5.95
A16: Low Skill Share | B16: ='Q1'!E3 -> 0.394 | C16: ='Q1'!E4 -> 0.404 | D16: ='Q1'!E6 -> 0.384 | E16: ='Q1'!E7 -> 0.424
A17: Manuf Share | B17: ='Q1'!F3 -> 0.176 | C17: ='Q1'!F4 -> 0.226 | D17: ='Q1'!F6 -> 0.206 | E17: ='Q1'!F7 -> 0.188
A19: Synthetic Miami Predictors
A20: Unemployment | B20: =SUMPRODUCT($B$2:$E$2, B14:E14) -> 6.5405722
A21: Population | B21: =SUMPRODUCT($B$2:$E$2, B15:E15) -> 3.3987973
A22: Low Skill Share | B22: =SUMPRODUCT($B$2:$E$2, B16:E16) -> 0.40026788
A23: Manuf Share | B23: =SUMPRODUCT($B$2:$E$2, B17:E17) -> 0.17850715
A26: Predictor Fit
A27: Unemployment Diff² | B27: =(B7-B21)^2 -> 13.040785
A28: Population Diff² | B28: =(B8-B22)^2 -> 2.8383223
A29: Low Skill Share Diff² | B29: =(B9-B23)^2 -> 0.060758724
A30: Manuf Share Diff² | B30: =(B10-B26)^2 -> 0.023104
A31: Sum of Squared Diffs | B31: =SUM(B27:B30) -> 15.96297
A33: Donor Wages Helper Table
A34: Year | B34: Atlanta | C34: Houston | D34: Dallas | E34: LosAngeles
A35: 1975 | B35: 380 | C35: 395 | D35: 400 | E35: 420
A36: 1976 | B36: 385 | C36: 400 | D36: 405 | E36: 425
A37: 1977 | B37: 390 | C37: 405 | D37: 410 | E37: 430
A38: 1978 | B38: 395 | C38: 410 | D38: 415 | E38: 435
A39: 1979 | B39: 398 | C39: 415 | D39: 418 | E39: 440
A40: 1980 | B40: 402 | C40: 420 | D40: 420 | E40: 445
A41: 1981 | B41: 405 | C41: 425 | D41: 423 | E41: 448
A42: 1982 | B42: 408 | C42: 428 | D42: 425 | E42: 450
A43: 1983 | B43: 410 | C43: 430 | D43: 428 | E43: 452
A44: 1984 | B44: 412 | C44: 432 | D44: 430 | E44: 455
A46: Wage Paths and Fit
A47: Year | B47: Miami Wage | C47: Synthetic Wage | D47: Squared Diff
A48: 1975 | B48: 390 | C48: =SUMPRODUCT($B$2:$E$2, B35:E35) -> 388.35718 | D48: =(B48-C48)^2 -> 2.6988702
A49: 1976 | B49: 395 | C49: =SUMPRODUCT($B$2:$E$2, B36:E36) -> 393.35718 | D49: =(B49-C49)^2 -> 2.6988702
A50: 1977 | B50: 398 | C50: =SUMPRODUCT($B$2:$E$2, B37:E37) -> 398.35718 | D50: =(B50-C50)^2 -> 0.1275748
A51: 1978 | B51: 402 | C51: =SUMPRODUCT($B$2:$E$2, B38:E38) -> 403.35718 | D51: =(B51-C51)^2 -> 1.8419271
A52: 1979 | B52: 405 | C52: =SUMPRODUCT($B$2:$E$2, B39:E39) -> 406.77503 | D52: =(B52-C52)^2 -> 3.1507491
A53: 1980 | B53: 400 | C53: =SUMPRODUCT($B$2:$E$2, B40:E40) -> 410.98396 | D53: =(B53-C53)^2 -> 120.64747
A54: 1981 | B54: 392 | C54: =SUMPRODUCT($B$2:$E$2, B41:E41) -> 413.98396 | D54: =(B54-C54)^2 -> 483.29469
A55: 1982 | B55: 385 | C55: =SUMPRODUCT($B$2:$E$2, B42:E42) -> 416.77503 | D55: =(B55-C55)^2 -> 1009.6528
A56: 1983 | B56: 388 | C56: =SUMPRODUCT($B$2:$E$2, B43:E43) -> 418.77503 | D56: =(B56-C56)^2 -> 947.10278
A57: 1984 | B57: 390 | C57: =SUMPRODUCT($B$2:$E$2, B44:E44) -> 420.98396 | D57: =(B57-C57)^2 -> 960.00605
A58: Pre-treatment wage fit | D58: =SUM(D48:D52) -> 10.517991
A60: Combined Objective Function
A61: Objective | B61: =B31+D58 -> 26.480961
A63: Post-Treatment Gaps
A64: Year | B64: Gap (Miami − Synthetic)
A65: 1980 | B65: =B53-C53 -> -10.983964
A66: 1981 | B66: =B54-C54 -> -21.983964
A67: 1982 | B67: =B55-C55 -> -31.775035
A68: 1983 | B68: =B56-C56 -> -30.775035
A69: 1984 | B69: =B57-C57 -> -30.983964
A70: Avg Post Gap | B70: =AVERAGE(B65:B69) -> -25.300393
